ID de la playlist,ID des chaînes,Date et heure de création,Date et heure de mise à jour,Titre,Description,Visibilité
PLy0L-A3Ggd6uXCKeS6lxN_FdJhCZtr1BC,UCRdDMa9ryNyZhMIxQPhR1tA,2016-07-29 19:53:56 UTC,2021-09-25 17:32:56 UTC,Watch later,,Personnel

ID vidéo,Date et heure d'ajout
o0XbHvKxw7Y,2021-09-20 14:58:53 UTC
FXpIoQ_rT_c,2021-09-07 21:43:33 UTC
qFJeN9V1ZsI,2021-09-02 14:28:14 UTC
iWCV851MnZ8,2021-09-02 09:42:50 UTC
tpCFfeUEGs8,2021-09-01 09:03:55 UTC
_8V5o2UHG0E,2021-08-29 22:42:30 UTC
DGwyr2zkQEA,2021-08-28 21:21:21 UTC
pyXnX2SEaFc,2021-08-25 13:38:33 UTC
HaE2Aybpc0o,2021-08-22 16:17:43 UTC
-24uYbeFmhc,2021-08-19 13:33:16 UTC
TdcQPpHF5bo,2021-08-18 10:04:04 UTC
rfscVS0vtbw,2021-08-16 18:12:09 UTC
Mo4vesaut8g,2021-08-14 08:33:24 UTC
K2qjAixgLqk,2021-07-30 17:08:14 UTC
B3BUYmU07h8,2021-07-30 14:46:00 UTC
LMKml4lefOc,2021-07-30 12:25:57 UTC
A80YzvNwqXA,2021-07-28 14:20:39 UTC
zuegQmMdy8M,2021-07-28 09:18:00 UTC
tPYj3fFJGjk,2021-07-27 08:47:21 UTC
mUwNreEyzec,2021-07-26 14:11:29 UTC
01sAkU_NvOY,2021-07-25 23:42:13 UTC
wt7a5BOztuM,2021-07-23 14:07:58 UTC
gTU2FYoP9pQ,2021-07-22 16:36:52 UTC
IJDJ0kBx2LM,2021-07-19 16:39:14 UTC
v8edL03bM_I,2021-07-16 01:39:42 UTC
g6JXMEHFFMk,2021-07-16 01:36:11 UTC
12f0ligwS5s,2021-07-14 08:17:59 UTC
Ia0mBZaVoSg,2021-07-13 21:59:47 UTC
SOd9NuEgR8A,2021-07-13 11:13:31 UTC
9Y-YJEtxHeo,2021-07-11 08:59:19 UTC
WnMQ8HlmeXc,2021-07-08 06:35:19 UTC
ejTCm7eHsM8,2021-07-07 21:18:30 UTC
HfACrKJ_Y2w,2021-07-07 18:35:29 UTC
MjabBpKbX9Q,2021-07-07 14:57:30 UTC
NUg9W8Hb87Y,2021-07-05 00:13:46 UTC
Rgpfk6eYxJA,2021-06-26 11:38:53 UTC
yqkISICHH-U,2021-06-25 19:11:48 UTC
xkct2HBpgNY,2021-06-22 21:00:41 UTC
l7-f9gS8VOs,2021-06-21 14:46:36 UTC
i_Iq4_Kd7Rc,2021-06-16 13:28:12 UTC
zhZjB0ZBUYM,2021-05-31 16:08:19 UTC
W3mwVQZFyfE,2021-05-30 21:55:24 UTC
3V-7lfTAT44,2021-05-28 10:14:03 UTC
BcHnI3hK7no,2021-05-27 10:06:43 UTC
ChjAPEPUuAQ,2021-05-26 19:41:28 UTC
FXGgeD8XVNk,2021-05-24 20:58:32 UTC
qP-2hMNnhgY,2021-05-24 20:58:17 UTC
g3xFE0GJQBs,2021-05-24 20:54:33 UTC
K1u7IuwhP8Y,2021-05-23 23:25:51 UTC
VE-fl7HfS20,2021-05-23 13:24:49 UTC
5D0URXgUIrk,2021-05-21 14:10:29 UTC
y-C5Q57_Myc,2021-05-21 07:39:06 UTC
lyC7EGK7Z_Y,2021-05-21 07:38:54 UTC
Mqb2dVRe0uo,2021-05-20 10:52:34 UTC
kHvR7dVqF64,2021-05-17 04:43:27 UTC
NU_1StN5Tkk,2021-05-06 19:29:42 UTC
10PbGbTUSAg,2021-05-03 16:14:38 UTC
RyTRgQ7k6QE,2021-04-30 15:10:47 UTC
Oe421EPjeBE,2021-04-30 15:10:35 UTC
ulprqHHWlng,2021-04-28 12:52:19 UTC
F5mRW0jo-U4,2021-04-28 11:57:33 UTC
RGOj5yH7evk,2021-04-28 09:30:01 UTC
RrKRN9zRBWs,2021-04-27 08:13:58 UTC
fHFpe8x1GS4,2021-04-26 00:28:31 UTC
oBt53YbR9Kk,2021-04-23 13:11:16 UTC
4cWkVbC2bNE,2021-04-23 00:11:35 UTC
YRAIUA-Oc1Y,2021-04-21 21:23:24 UTC
4deVCNJq3qc,2021-04-12 19:47:23 UTC
ua-CiDNNj30,2021-04-08 12:51:56 UTC
LonKGuS9uuQ,2021-04-06 21:50:40 UTC
QUT1VHiLmmI,2021-04-05 07:43:07 UTC
NKEFWyqJ5XA,2021-04-04 08:44:30 UTC
p65AHm9MX80,2021-04-03 22:21:52 UTC
grEKMHGYyns,2021-04-03 11:44:30 UTC
IODxDxX7oi4,2021-03-31 20:55:20 UTC
tufwhPXTDYI,2021-03-31 14:16:32 UTC
cABuP6ZdUno,2021-03-25 10:04:29 UTC
MH35yzmM2oU,2021-03-24 19:28:43 UTC
q0ExenSoqso,2021-03-21 18:57:05 UTC
FkrpUaGThTQ,2021-03-18 11:32:27 UTC
-4rahTls8Cw,2021-03-18 10:59:45 UTC
DEqXNfs_HhY,2021-03-18 00:20:36 UTC
RBSGKlAvoiM,2021-03-17 14:43:59 UTC
 -rOAE6zGKz8,2021-03-17 14:31:45 UTC
Wz9mIBlzVx8,2021-03-07 21:42:43 UTC
egBTkbLXbLg,2021-03-07 21:19:18 UTC
ELR7DkxTOoM,2021-03-04 16:46:00 UTC
4Ah2I166f_U,2021-03-04 10:54:04 UTC
DwnS5JNL4IY,2021-02-24 22:35:31 UTC
cdVqEHYrzyU,2021-02-21 20:37:18 UTC
wBp0Rb-ZJak,2021-02-21 18:35:55 UTC
fqMOX6JJhGo,2021-02-21 18:09:10 UTC
gPa2Rqb8mzo,2021-02-18 23:49:08 UTC
IThqP4tSbpQ,2021-02-18 23:46:39 UTC
wwKv0UM6IwQ,2021-02-18 23:42:27 UTC
HXV3zeQKqGY,2021-02-18 23:39:19 UTC
8rQzXbBtSWs,2021-02-18 23:33:06 UTC
FcCeLr4bj0Q,2021-02-18 23:32:52 UTC
vLnPwxZdW4Y,2021-02-18 23:25:05 UTC
mU6anWqZJcc,2021-02-17 14:10:43 UTC
LHBE6Q9XlzI,2021-02-17 08:45:52 UTC
OXi4T58PwdM,2021-02-17 00:33:17 UTC
8ext9G7xspg,2021-02-17 00:32:52 UTC
GQp1zzTwrIg,2021-02-17 00:28:25 UTC
Qgl81fPcLc8,2021-02-17 00:27:36 UTC
8DvywoWv6fI,2021-02-07 20:56:26 UTC
HGOBQPFzWKo,2021-02-07 20:56:03 UTC
eIrMbAQSU34,2021-02-07 20:55:03 UTC
uhxtUt_-GyM,2021-02-07 20:54:46 UTC
xxpc-HPKN28,2021-02-07 20:54:18 UTC
 -OG6oGiJwZI,2021-02-07 20:54:06 UTC
rwxvWStmw6U,2021-02-05 16:11:04 UTC
_f1sn7Ta4M4,2021-02-03 19:57:52 UTC
G0XIn9XPUmg,2021-02-03 15:13:38 UTC
EGs5kYYw6d8,2021-02-02 22:49:15 UTC
gAuQJwMF9yI,2021-01-29 23:59:17 UTC
wyv4ZFInGsQ,2021-01-29 23:48:20 UTC
nop9ZVmnA3A,2021-01-29 15:34:23 UTC
qtKIoowSvmg,2021-01-29 09:00:34 UTC
4og1Wu1t_Zw,2021-01-28 22:50:36 UTC
B31LgI4Y4DQ,2021-01-28 16:17:16 UTC
gcrJKel_8Oc,2021-01-25 09:04:03 UTC
GuHc85o17gc,2021-01-21 17:29:40 UTC
x_1WHMgKGwQ,2021-01-17 22:14:03 UTC
hUdcurtyY4A,2021-01-16 11:59:38 UTC
dalD7_hSXeM,2021-01-16 11:59:33 UTC
1EEakkh4ZG4,2021-01-15 23:17:30 UTC
Pspuv6MmBwI,2021-01-15 21:16:57 UTC
9nq61Jx8l_8,2021-01-15 21:14:57 UTC
7J_qcttfnJA,2021-01-14 20:56:38 UTC
_6MKOa-NfkQ,2021-01-11 20:12:37 UTC
fRWAPcOvU20,2021-01-10 22:58:22 UTC
gAKwkzVL0-s,2021-01-10 22:58:07 UTC
PYRCSUnncEA,2021-01-10 17:15:53 UTC
8-WZtzaM6QM,2021-01-09 06:52:17 UTC
Vw70eirtzaI,2021-01-09 06:52:09 UTC
kiRl6zMFqxs,2021-01-09 06:51:31 UTC
OSx7bqkcLV8,2021-01-09 06:51:20 UTC
E3U-xKqZg6g,2021-01-09 06:49:55 UTC
hxFEmuxKKCw,2021-01-09 06:49:38 UTC
u3Ia3X2iZJc,2021-01-09 06:48:50 UTC
ILK2dXufEaY,2021-01-08 21:16:21 UTC
5AAne2fpZyg,2021-01-08 21:16:09 UTC
ZfgNiVjKAzc,2021-01-08 21:15:52 UTC
uRiNlt4vJYQ,2021-01-07 07:51:05 UTC
cr6P_m7zufE,2021-01-07 00:40:00 UTC
G5wCWASGXJM,2021-01-06 18:58:54 UTC
sgB2yuDD140,2021-01-06 09:19:07 UTC
eU1Bb_nF7ck,2021-01-05 18:47:57 UTC
k9JAr2WmuYk,2021-01-01 20:56:14 UTC
BflNGAKDgow,2020-12-31 15:24:55 UTC
67H8chegtek,2020-12-30 23:53:38 UTC
E-jGEtqB4wU,2020-12-29 23:11:05 UTC
2Mzwe3WBqHI,2020-12-26 21:57:16 UTC
DI7FN5AM_7A,2020-12-26 21:57:05 UTC
oFIz0FOO1i0,2020-12-26 21:35:43 UTC
3qh5AejclyU,2020-12-24 00:41:42 UTC
masIatbSwjc,2020-12-21 12:32:40 UTC
YSm9DDxQv8E,2020-12-19 17:03:09 UTC
eSneA4ZNPhg,2020-12-19 17:02:50 UTC
XEpZere_01A,2020-12-18 22:23:04 UTC
2GiWQE5DP-o,2020-12-18 18:18:27 UTC
0o7UlO5VShQ,2020-12-18 18:18:22 UTC
ePDiQ1uTrWI,2020-12-16 09:02:28 UTC
dTP65CsyUP0,2020-12-16 08:53:06 UTC
hfWkqkX6BdE,2020-12-15 17:35:36 UTC
aDWgr7YEdTA,2020-12-15 17:35:09 UTC
bRJbu32df-Y,2020-12-14 22:08:08 UTC
7vF6VG6-4-k,2020-12-14 19:31:34 UTC
UdfSrJvqY_E,2020-12-10 18:06:09 UTC
TSBDWiCRce0,2020-12-10 12:34:00 UTC
zi3qU_EIM9A,2020-12-09 19:20:18 UTC
HJKeBbk-9YA,2020-12-09 17:46:23 UTC
KcGZiQulzYY,2020-12-09 13:31:18 UTC
rbB2ji3l7DM,2020-12-08 20:32:52 UTC
NuNvCOUy1Ts,2020-12-08 14:57:01 UTC
dkWjvAc0jLQ,2020-12-08 12:30:34 UTC
5JSIyrVONmM,2020-12-06 17:33:01 UTC
sDJXdYeeB44,2020-12-05 07:29:28 UTC
qrmmfvDlDto,2020-12-05 07:28:58 UTC
e2Wm5tuTllk,2020-12-04 22:15:47 UTC
_6TMYSQpwwc,2020-12-03 21:02:29 UTC
meKsqiAktJA,2020-12-03 21:02:27 UTC
zjob6hxuOIw,2020-12-03 17:42:34 UTC
iwQ4XQRvVko,2020-12-01 22:42:17 UTC
F5W04enL-OY,2020-12-01 10:30:02 UTC
iFRYRow5GSg,2020-12-01 06:10:49 UTC
aB-uzhbrGWE,2020-11-30 22:03:34 UTC
8VtHIEx3lUw,2020-11-30 20:04:41 UTC
1GKIljj7LTw,2020-11-29 16:41:58 UTC
b4xm6wD3lfw,2020-11-27 16:40:05 UTC
97TTEHzIOLg,2020-11-25 17:31:10 UTC
H0wczAF4Jq8,2020-11-22 19:28:13 UTC
60De2fxBeuQ,2020-11-22 19:27:51 UTC
TcDN8H6AL0E,2020-11-22 13:50:03 UTC
5v0yhXqiWdc,2020-11-21 18:54:42 UTC
TdkzfRUhPU0,2020-11-20 18:05:27 UTC
3RZVXlU0pNA,2020-11-19 12:24:43 UTC
_OMUWsW2K58,2020-11-18 17:05:05 UTC
kAv-ajC1bWg,2020-11-18 09:11:33 UTC
3cYH-mAkvyk,2020-11-17 22:34:40 UTC
CfibWtIqA-g,2020-11-17 18:39:06 UTC
6AwNWzcQxoM,2020-11-17 18:37:52 UTC
ZiwA0ebw11k,2020-11-16 20:07:39 UTC
bpbjSmZx3m4,2020-11-16 18:53:11 UTC
YldClYhUzbU,2020-11-15 14:25:13 UTC
o5jwr4NfpD0,2020-11-15 01:39:23 UTC
5VFrbD1mhac,2020-11-13 08:35:20 UTC
l7ROfxwI-qE,2020-11-12 16:50:39 UTC
j9BulZpj0Zk,2020-11-12 16:48:46 UTC
rHIvs0Q-uKI,2020-11-08 18:21:25 UTC
_W8cOkS5MhI,2020-11-08 18:20:23 UTC
BXBgzyFCSCs,2020-11-06 13:32:33 UTC
bKQ6NeTjccA,2020-11-06 13:31:27 UTC
TytBA4N9Ltk,2020-11-05 20:41:03 UTC
JhOU3FOyApM,2020-11-05 09:23:34 UTC
OKJPowUpQAg,2020-11-01 23:24:11 UTC
OXZ_N3owWhk,2020-10-31 13:25:51 UTC
xGUJtTbblgw,2020-10-30 18:23:48 UTC
BM9TrKki2X4,2020-10-29 08:56:55 UTC
i_wePORr_Rc,2020-10-27 13:54:10 UTC
fQ9Dv6xuCmY,2020-10-24 16:56:09 UTC
IOP-7e_GxIw,2020-10-24 16:25:00 UTC
dVXy6hmE_0U,2020-10-22 06:45:20 UTC
nDy32xoXM4o,2020-10-21 13:56:33 UTC
0FnX1ufiMzM,2020-10-21 13:56:10 UTC
1zZZBB9-Nm8,2020-10-17 19:39:33 UTC
R_JQzZeNGao,2020-10-16 21:33:46 UTC
i1dGQiNfCAc,2020-10-15 19:33:48 UTC
Xi2XPH5MgVE,2020-10-13 19:41:13 UTC
SMw8kySAXkw,2020-10-11 18:48:06 UTC
npw7jh5MnRw,2020-10-10 05:26:30 UTC
bmRxZz_Cw0E,2020-10-09 20:32:23 UTC
9t-5tEsLaA4,2020-10-09 18:31:46 UTC
CKgoFPVj1TI,2020-10-08 22:13:53 UTC
XDNy90IHk5A,2020-10-08 22:13:49 UTC
kXTz8CHBdCg,2020-10-08 22:13:32 UTC
ExwtgMtovyY,2020-10-08 19:14:30 UTC
3YK96_qfc-Y,2020-10-07 21:33:39 UTC
wtpUBG1HUM0,2020-10-07 16:34:44 UTC
CJ9CmxaQ3q8,2020-10-05 05:04:14 UTC
jqlbLB7Owl0,2020-10-04 20:40:52 UTC
r9vY7IopsM8,2020-10-02 18:06:25 UTC
pYhDHSRNhmw,2020-10-02 18:04:47 UTC
mhHOpWFNq68,2020-10-02 18:04:42 UTC
g_e7TRMcafQ,2020-10-01 05:29:25 UTC
rdMtOPQLqyE,2020-09-29 21:12:57 UTC
IBcdWhUqS1o,2020-09-28 19:58:47 UTC
1lyUz1w0GXA,2020-09-28 17:23:47 UTC
3ZqZXIrxlFg,2020-09-28 17:21:07 UTC
n_LFUNpPj8o,2020-09-27 13:11:59 UTC
AF2NrrJB8zA,2020-09-26 22:05:09 UTC
Cucs-ZLzp_E,2020-09-26 07:38:10 UTC
EsaEslrPKE8,2020-09-24 05:13:06 UTC
MvTFF-E5wkw,2020-09-23 20:07:45 UTC
AlG4VBz_2hI,2020-09-23 07:45:33 UTC
W47VSKCqeWU,2020-09-19 16:13:28 UTC
S4zyEhIHitU,2020-09-16 05:53:54 UTC
JVQbUt980Xo,2020-09-16 05:53:36 UTC
NGOEO_R1uRY,2020-09-16 05:37:13 UTC
Axz-5f32cnw,2020-09-15 06:18:55 UTC
SOTftGjob2M,2020-09-14 04:57:30 UTC
p9YUjzmiiSk,2020-09-12 22:56:01 UTC
jfSg2CFOWNU,2020-09-12 08:08:53 UTC
93-_r0w7ykI,2020-09-09 20:04:00 UTC
_hyPif9yhX0,2020-09-09 06:20:22 UTC
7SvSni7xR5o,2020-09-08 22:57:41 UTC
iXWbQ-J7xYg,2020-09-08 17:34:07 UTC
y2-hRaE0z1U,2020-09-08 03:21:12 UTC
GFD37HvGx6k,2020-09-07 22:20:34 UTC
x5eSZevcyNg,2020-09-06 01:33:55 UTC
9vrqeH9StTA,2020-09-06 01:33:36 UTC
QKx-eMAVK70,2020-09-02 12:00:05 UTC
aHug_-13tDU,2020-08-31 20:47:59 UTC
kONOIeoNtyc,2020-08-29 16:30:45 UTC
Mp6YyIybmhc,2020-08-29 16:29:58 UTC
4C_UJFKLPIg,2020-08-27 09:12:57 UTC
sSvcSlomqqE,2020-08-27 01:38:22 UTC
-0xKzta9S4o,2020-08-26 13:09:17 UTC
7fEprfLN4i8,2020-08-26 11:20:22 UTC
Br8jUFpreFQ,2020-08-25 17:17:11 UTC
LhQCd9176Yw,2020-08-25 17:16:40 UTC
a8ZAOyCuOjE,2020-08-24 00:31:38 UTC
0b26qNgi8CY,2020-08-23 20:54:59 UTC
hV4wY2rjAWY,2020-08-19 23:36:18 UTC
4m7BYVJvVFE,2020-08-19 23:36:07 UTC
gG_dA32oH44,2020-08-17 23:37:28 UTC
Ee1RD6eHzhY,2020-08-17 13:37:09 UTC
bDb7Qwwzgyg,2020-08-14 21:50:03 UTC
Fj7oagHAQ7Y,2020-08-13 00:46:54 UTC
Q3rIxSi3GK0,2020-08-05 19:52:17 UTC
nQqBOz8bkBE,2020-08-04 19:17:49 UTC
V6p-0Vw5uXo,2020-08-04 13:25:30 UTC
gK005eDLGNk,2020-08-04 13:25:25 UTC
2KCtXJUekyo,2020-08-04 13:25:17 UTC
WBjJI_H5Jc0,2020-08-03 01:31:20 UTC
JLh77gERfHc,2020-08-02 15:07:19 UTC
osYrc3zb_k4,2020-07-30 21:10:25 UTC
rnK-jYzaWtw,2020-07-30 15:03:27 UTC
_jUYoQ5VCQs,2020-07-29 09:24:32 UTC
kjyeCdd-dl8,2020-07-28 19:49:26 UTC
0AC2WEYclJs,2020-07-28 19:49:02 UTC
p8ePDKlF6T0,2020-07-28 19:48:18 UTC
3zYzPQmFRsM,2020-07-28 19:48:07 UTC
F6_U6rdjbmI,2020-07-28 19:48:01 UTC
L5qY1tWq6Fo,2020-07-28 18:37:24 UTC
DKqKLnsmoK4,2020-07-25 15:23:28 UTC
7VRYKlnEP7o,2020-07-18 11:31:19 UTC
FVkIsr52Lxw,2020-07-17 00:25:52 UTC
EJ6dnC7uj3k,2020-07-16 22:47:34 UTC
W1pA4mFLyvU,2020-07-15 15:03:47 UTC
HkR3vftCs3U,2020-07-09 18:18:37 UTC
psxMJN7BqIM,2020-07-09 08:49:53 UTC
tBCWJYX54Y0,2020-07-07 12:11:56 UTC
PtxtnIsqOEQ,2020-07-06 16:07:49 UTC
S5ulX06McSY,2020-06-20 22:05:38 UTC
5yuqcfp1xxI,2020-06-20 20:52:57 UTC
46CO8w2_LvQ,2020-06-19 23:01:02 UTC
TojgdbdBm9Y,2020-06-16 19:01:09 UTC
Q03frcLDXWk,2020-06-16 00:56:13 UTC
U9h4BTfGGTQ,2020-06-16 00:36:13 UTC
5tP8_onP0Js,2020-06-14 20:09:08 UTC
qwy5E_4zC-c,2020-06-12 21:11:57 UTC
KVnBikbYGic,2020-06-12 21:11:24 UTC
Bl2NWuXDlhQ,2020-06-12 18:41:44 UTC
q8oQNCas2Bs,2020-06-12 15:28:39 UTC
FTQhojTOCzE,2020-06-09 07:21:00 UTC
yOo7_7OyEjg,2020-06-09 07:20:46 UTC
1jujZUruiy8,2020-06-09 06:46:22 UTC
O8G46NxgCp8,2020-06-05 09:47:26 UTC
yeHimGwZmSU,2020-06-04 16:41:21 UTC
Rs9P4HRAnEA,2020-06-03 13:53:04 UTC
u1HrjO1ftnQ,2020-06-03 13:52:34 UTC
kDbHSxCCDvI,2020-06-03 13:52:09 UTC
g_PIXr-Wj4A,2020-06-03 13:51:39 UTC
wWRsFKxL_qw,2020-06-03 05:55:04 UTC
ybjegBNc87A,2020-06-03 05:48:09 UTC
CaRiCnc3GoE,2020-06-03 05:46:58 UTC
uAAuNjNXaIM,2020-05-31 19:11:26 UTC
pIncyopHg-4,2020-05-30 19:31:19 UTC
QtYckklFTs4,2020-05-30 04:11:25 UTC
mTqLAAi6BY0,2020-05-28 17:15:53 UTC
efdGQnF7uqY,2020-05-26 20:17:55 UTC
o9QjlLdYK5I,2020-05-25 16:28:17 UTC
MkxjmB_6A3k,2020-05-23 20:11:14 UTC
vY9xlwjEbrM,2020-05-22 18:03:05 UTC
DOiy-i33TH8,2020-05-22 16:48:02 UTC
rPdln-PUZuE,2020-05-20 19:28:26 UTC
wScdRvMQdu8,2020-05-19 15:08:01 UTC
GB5MplOqvGM,2020-05-19 06:11:56 UTC
W6HiWPsMzTo,2020-05-19 06:11:35 UTC
Z6gLoxVw7cQ,2020-05-19 06:10:07 UTC
AYSkGdNbS9U,2020-05-18 17:04:55 UTC
dgj16KSgtIE,2020-05-17 23:02:42 UTC
6TOEWPDrnwQ,2020-05-17 23:00:49 UTC
dPyVePprd6s,2020-05-17 23:00:39 UTC
zFDCEf_hbQA,2020-05-16 19:44:39 UTC
aJSfxgmRAis,2020-05-12 21:18:27 UTC
l7hyPEPJozE,2020-05-11 21:15:44 UTC
jOFco1xuIeo,2020-05-10 06:09:54 UTC
PvUupR5cffY,2020-05-09 15:22:02 UTC
VrjdDwK0PlE,2020-05-09 15:20:19 UTC
yFUKNWaaUZs,2020-05-09 13:43:22 UTC
tYMDXuoEUe0,2020-05-09 12:26:31 UTC
5ECwhB21Pnk,2020-05-02 10:39:05 UTC
B1LaqHiSARc,2020-05-01 21:32:25 UTC
4NgPKSzR0LU,2020-05-01 06:55:23 UTC
A4du3_6QGm8,2020-05-01 06:54:17 UTC
nMQhVwasBRA,2020-05-01 06:52:11 UTC
IrXe9dljT7M,2020-04-30 11:25:27 UTC
v9tM_YHvhuA,2020-04-30 11:25:07 UTC
K6VQJoxJ8DI,2020-04-29 22:25:08 UTC
9PyBSTR3aEc,2020-04-29 17:32:17 UTC
qdqJfFkQKEI,2020-04-24 17:08:21 UTC
W9b7ibFUZZg,2020-04-24 17:08:00 UTC
9QiE-M1LrZk,2020-04-22 13:56:03 UTC
r-CMgJpvEnE,2020-04-19 17:49:03 UTC
yeX_Zs7zztY,2020-04-19 14:29:32 UTC
THJK18PNjX4,2020-04-18 23:16:19 UTC
cuIkLNsRtas,2020-04-12 10:02:28 UTC
VtyDg-cm2yI,2020-04-09 16:25:56 UTC
jLwGp7osyvE,2020-04-04 16:30:26 UTC
9HiaLKum8N8,2020-03-31 17:46:52 UTC
2ov9uEArDlo,2020-03-21 13:19:10 UTC
UJbaWZsp2CE,2020-03-20 19:02:00 UTC
Y5iY0monNBM,2020-03-20 19:01:01 UTC
JkR7zClEkAo,2020-03-20 10:33:27 UTC
RiArq7D5nz0,2020-03-19 22:57:55 UTC
blHVYY0dr3U,2020-03-17 20:44:18 UTC
m6EAk1iHqeM,2020-03-14 09:53:25 UTC
fV09URCmwAk,2020-03-14 09:53:23 UTC
u79oU_VI9FY,2020-03-13 17:29:12 UTC
I-iMVsi0IuY,2020-03-12 15:25:55 UTC
6JYBzrLhRuU,2020-03-12 15:25:45 UTC
N9VFDv4JSPY,2020-03-10 07:46:52 UTC
qnakpYFyMkc,2020-03-07 13:36:58 UTC
ZBIUeC4U4d8,2020-03-05 09:02:58 UTC
nnm4DOqXx9A,2020-03-05 05:02:01 UTC
rDGRAHBojWE,2020-03-04 16:53:15 UTC
pRuDoJx8Rv4,2020-02-29 17:35:22 UTC
WHRp7UleY_4,2020-02-29 13:48:43 UTC
e-7uuV7B7mo,2020-02-29 08:54:16 UTC
6_PRoIzqkis,2020-02-28 22:37:32 UTC
ufDv17BT5gc,2020-02-20 21:23:34 UTC
8E4WikpIZnc,2020-02-20 21:22:54 UTC
IxUnlE-iXpQ,2020-02-20 11:44:25 UTC
lDvT1JuDzV4,2020-02-20 11:42:37 UTC
1MKuWb9KeRI,2020-02-19 21:46:34 UTC
ZvtpEEEVH4A,2020-02-18 09:45:04 UTC
tD9WCpNFpnY,2020-02-18 00:13:25 UTC
8TjfpO_BPDI,2020-02-13 05:43:04 UTC
X4CYhyDaEvo,2020-02-12 18:07:40 UTC
1oeOPIn79p4,2020-02-12 17:22:56 UTC
NfUeUCErCmQ,2020-02-12 17:22:20 UTC
JUMZXKcHNX8,2020-02-11 16:52:11 UTC
BbU5j_8ITmw,2020-02-11 16:51:01 UTC
ODfLODmjVKc,2020-02-11 16:50:25 UTC
t4QRH0CRjb4,2020-02-10 22:55:54 UTC
2lcoQebsf0k,2020-02-10 16:42:43 UTC
tDEKZiWJ-JM,2020-02-06 23:36:47 UTC
_ikMaZDUQuo,2020-02-06 19:58:08 UTC
7dbTwIXqfp8,2020-02-06 15:18:33 UTC
KYYjm9NP1Vs,2020-02-06 15:18:26 UTC
RZbfCkqvwUY,2020-02-04 16:51:11 UTC
L0WdLyJOiSY,2020-02-03 10:18:56 UTC
S5Il0XQ9i7U,2020-02-02 21:54:44 UTC
Y8IBMucNAOY,2020-02-02 07:44:45 UTC
DK1w8K5SuuM,2020-02-02 07:43:58 UTC
lJzRQdDN2pY,2020-02-01 17:28:27 UTC
meYiCAzmEcQ,2020-02-01 17:25:11 UTC
GDpI9iEZ8tk,2020-02-01 17:23:00 UTC
OGmjmyk4nY0,2020-02-01 17:20:44 UTC
fx9-cMoEv7k,2020-02-01 17:20:36 UTC
eZCo_hZLyh0,2020-02-01 17:20:05 UTC
urTJFZqpuss,2020-01-31 21:58:55 UTC
diG-kq5LIQ0,2020-01-31 20:36:24 UTC
bbPgHMJouKw,2020-01-30 21:58:54 UTC
DXDlt8YksbI,2020-01-30 21:41:25 UTC
AdJONGbOTVc,2020-01-30 17:18:02 UTC
io2rcRQ8xTA,2020-01-30 13:47:07 UTC
9Vdl70UNG3U,2020-01-30 13:46:42 UTC
qVTUdm_nDfs,2020-01-29 22:22:31 UTC
WhmdGp2WXz8,2020-01-29 10:25:46 UTC
3Dt7xh3hcjM,2020-01-27 21:50:13 UTC
BPQVNGEtBEI,2020-01-27 21:35:57 UTC
ecZqlji4uEo,2020-01-24 16:25:46 UTC
uJqbHaFqjmI,2020-01-20 01:40:46 UTC
RHQTboP1RIw,2020-01-15 20:26:36 UTC
B67OVJTyV0I,2020-01-15 02:32:18 UTC
50Si2g0wzuk,2020-01-12 14:05:14 UTC
OgFcz6klaeg,2020-01-11 17:21:37 UTC
wFH5UjVtPpM,2020-01-11 17:21:25 UTC
kHad-0odf48,2020-01-11 17:21:07 UTC
VvAmSCk-6OM,2020-01-11 16:56:52 UTC
qQhdhPKOYBo,2020-01-11 16:54:12 UTC
ERaO3TJ6ZMA,2020-01-11 16:51:35 UTC
-9uXhyE9ju8,2020-01-11 16:50:39 UTC
Z6BKRaaSLn0,2020-01-11 16:50:11 UTC
m1jPL1ZkjrI,2020-01-11 16:49:59 UTC
FAjXJKI5l40,2020-01-11 12:08:30 UTC
6I76ZspgyEw,2020-01-11 06:11:58 UTC
BP6IeYdWxuI,2020-01-10 18:13:11 UTC
Xwx6i4IQcFw,2020-01-10 15:57:58 UTC
dWl7vpJEi-M,2020-01-09 22:31:38 UTC
XGvdDScgyQQ,2020-01-09 17:42:00 UTC
x1T-VTFiUwc,2020-01-09 17:20:00 UTC
AcZu_NPH8q0,2020-01-09 09:58:16 UTC
ImhURyeFwj0,2020-01-08 22:33:01 UTC
iKhQYYSqhgc,2020-01-07 01:31:14 UTC
k6hB4ewoQyc,2020-01-05 14:06:58 UTC
28RLTQU-_TM,2020-01-05 01:49:52 UTC
UguJvG9TTXE,2020-01-04 01:29:20 UTC
YEdHkVF5H2c,2020-01-02 16:41:31 UTC
ePoxmPMwJNQ,2020-01-02 16:40:45 UTC
HHVdVJPsWyM,2020-01-02 15:40:45 UTC
fEiX_69tu2I,2020-01-02 15:24:16 UTC
4CdNOMKUvRo,2020-01-02 15:09:54 UTC
vjbDGBHf8mI,2020-01-01 22:37:48 UTC
-2pffpPl1lQ,2019-12-31 18:57:13 UTC
7I4Jx51vS64,2019-12-29 23:15:21 UTC
ZNIGr4CD_Gg,2019-12-28 18:11:27 UTC
nw7sRmD-ViY,2019-12-25 11:47:37 UTC
8LcTzVfa6d8,2019-12-25 01:05:20 UTC
OuQlcp9IX68,2019-12-25 00:06:42 UTC
fcJ8QmogoXY,2019-12-21 22:33:00 UTC
TnFSBN0sMBY,2019-12-21 06:49:54 UTC
Q73WNs8rjF0,2019-12-21 06:04:31 UTC
WW83bvd-gc0,2019-12-21 05:43:51 UTC
5YA3lFz9qWs,2019-12-20 21:49:02 UTC
y2ElPGBm9Bo,2019-12-20 21:10:21 UTC
6Po_9Qvpoj4,2019-12-20 20:14:25 UTC
GiPeFjCYkxY,2019-12-20 19:19:32 UTC
j18Kq7MEKgQ,2019-12-20 17:57:20 UTC
167cGO3az00,2019-12-20 17:56:08 UTC
N3l7gRH-5X4,2019-12-20 12:48:17 UTC
I-wvqVVGRDU,2019-12-20 11:35:38 UTC
rHuAfBDqsj0,2019-12-20 11:35:12 UTC
Ij5LecFWgAo,2019-12-20 11:04:07 UTC
ONt9p6GKaFQ,2019-12-20 11:03:50 UTC
1mFonZz08Ck,2019-12-20 11:01:40 UTC
UFcQv946tuY,2019-12-20 10:53:57 UTC
7yS7M4ZfPl8,2019-12-20 07:54:41 UTC
jvzeZCZluJ0,2019-12-19 20:06:02 UTC
mzMNaUcnt9g,2019-12-19 11:17:26 UTC
9QU-CG-AN2c,2019-12-19 09:14:56 UTC
6j70s8eQq_I,2019-12-18 20:03:13 UTC
WAjb-w6lBEA,2019-12-18 16:44:54 UTC
N6jF1dxN6eQ,2019-12-17 21:46:01 UTC
6OOU14cQ0Gg,2019-12-17 21:45:48 UTC
RNentzx_yh4,2019-12-17 09:21:31 UTC
qLYbgLNEDh4,2019-12-17 09:21:29 UTC
2sFrG02xpAw,2019-12-17 00:50:54 UTC
tTsBn36yPrg,2019-12-16 15:50:51 UTC
YDGNmqa8hO8,2019-12-16 15:49:15 UTC
axqrHbLGW6g,2019-12-16 12:02:18 UTC
3YKgu3nMqUs,2019-12-16 12:02:13 UTC
zdukWtJwlPU,2019-12-16 11:57:29 UTC
qFO9p1uN8Qs,2019-12-15 17:50:14 UTC
PEfkRnhZWLE,2019-12-15 17:31:28 UTC
Arpbvbye2ig,2019-12-14 23:00:40 UTC
UCrtbHqjQ80,2019-12-14 09:04:07 UTC
E_7EhU5Y59M,2019-12-13 19:25:10 UTC
i0biqMZrxJ0,2019-12-13 11:51:03 UTC
og77pfVFJTs,2019-12-13 11:50:41 UTC
tePsUtpqtK8,2019-12-12 19:10:58 UTC
UQCLR2yLSio,2019-12-12 18:36:43 UTC
k-ws6VRYEDw,2019-12-07 16:54:04 UTC
sttm8Q9rOdQ,2019-12-06 13:00:42 UTC
rHXsvHaSzJA,2019-12-06 12:32:15 UTC
3seL8aiLjuE,2019-12-06 12:05:26 UTC
ibOPCU2adkE,2019-12-05 19:52:24 UTC
Zkd4clX8RZc,2019-12-04 06:07:48 UTC
H5wi-c0v2wk,2019-12-04 06:06:16 UTC
CTk7STZuzU8,2019-12-04 06:05:12 UTC
RxAtuMu_ph4,2019-12-04 06:04:52 UTC
vmNgWrAMtYM,2019-12-04 06:04:02 UTC
ebfb7P3SBOo,2019-12-03 20:14:33 UTC
FuhIm37mjn4,2019-12-02 07:44:07 UTC
lN6ygnYvnPg,2019-12-01 20:13:30 UTC
h6nl9dceWx4,2019-12-01 16:04:55 UTC
MMYsEJ-vZaQ,2019-11-29 16:36:38 UTC
Po1tE8-ZrPk,2019-11-29 16:36:22 UTC
FkBWzQpdEZ4,2019-11-29 16:35:30 UTC
XTz5HWiLkIE,2019-11-28 19:21:00 UTC
FzDdL7_7e0w,2019-11-28 18:48:12 UTC
ctWDAdQ81B8,2019-11-28 14:01:07 UTC
PcQCpJYURlM,2019-11-28 14:01:03 UTC
3B_TQrcgSDo,2019-11-27 18:55:18 UTC
pG_7qwnVqyE,2019-11-27 18:30:43 UTC
20oLjUQ-cX4,2019-11-27 18:05:39 UTC
vT-R4-nhguo,2019-11-24 17:35:17 UTC
WU9ks_8S6nU,2019-11-24 12:30:17 UTC
8-Xr5nixM_o,2019-11-22 18:51:31 UTC
oTZ84U-K_5k,2019-11-22 11:10:13 UTC
VACC99y3Ztg,2019-11-21 14:20:03 UTC
uSywmTdZNW4,2019-11-19 08:27:22 UTC
34RQOLdAqik,2019-11-16 09:59:54 UTC
W3as7hmUfmM,2019-11-15 18:47:28 UTC
CYfQu1yO0vk,2019-11-14 06:59:37 UTC
FEkYd1qF5Ko,2019-11-13 16:58:37 UTC
szby7ZHLnkA,2019-11-13 09:07:32 UTC
8fT-l0YYLHI,2019-11-10 09:27:17 UTC
i_1QjY-4Y-s,2019-11-10 02:06:46 UTC
RC7EGuYpNns,2019-11-09 18:56:15 UTC
j7Pj_5Qqjkc,2019-11-09 06:38:30 UTC
DTGOYTlnCfc,2019-11-09 06:38:11 UTC
D66gmJJlTKo,2019-11-09 06:37:06 UTC
xrgrBJc-64c,2019-11-09 06:36:39 UTC
e9oPZj5lfMk,2019-11-09 06:36:23 UTC
ZbIC-bJC85Y,2019-11-09 06:36:19 UTC
VkDEUeqQUXY,2019-11-09 06:33:50 UTC
o1MIhHdDUQk,2019-11-08 20:32:26 UTC
k-bz2uY_Q8U,2019-11-07 23:32:04 UTC
WJcCjTLg2AM,2019-11-07 06:11:27 UTC
sGQ1AaPgPms,2019-11-06 16:52:44 UTC
KFJ7SqQULeI,2019-11-06 16:52:35 UTC
WpeFfjSEGUo,2019-11-05 19:26:48 UTC
qCls0sGgPc8,2019-11-05 19:25:49 UTC
P5yievNOA4U,2019-11-05 11:13:12 UTC
Jz6nPSZmd14,2019-11-05 10:28:01 UTC
sG5DgRI58vI,2019-11-05 10:27:49 UTC
uAh06NTO_Zw,2019-11-01 21:57:05 UTC
SIxPeFqtNXw,2019-11-01 16:50:34 UTC
Dhs8_ZlnYw8,2019-10-30 18:37:26 UTC
tSGGl9G5Jnw,2019-10-26 16:06:05 UTC
aM8vStdOaB0,2019-10-25 13:54:10 UTC
 -X7X_3M32q8,2019-10-25 12:15:04 UTC
RUxE1TqyT3Y,2019-10-24 21:33:41 UTC
WyYV4ET0bEk,2019-10-24 21:25:53 UTC
lbHSosl5LCo,2019-10-24 17:39:33 UTC
 -ZNEzzDcllU,2019-10-24 06:07:39 UTC
wm5E5BLIAik,2019-10-23 10:44:03 UTC
mLL5VKQ90kc,2019-10-23 10:41:38 UTC
E9rizcIquvo,2019-10-22 10:29:36 UTC
47DvD05Qdy8,2019-10-19 13:35:47 UTC
8pD7MXQfdqU,2019-10-18 17:29:37 UTC
9XXMtYVVunU,2019-10-18 15:57:00 UTC
4yGoMA_ZXIw,2019-10-17 15:22:18 UTC
 -IafWtxX5GQ,2019-10-16 19:56:55 UTC
71yKgWNG3dY,2019-10-16 11:57:49 UTC
Qx8G69h3j3I,2019-10-16 11:57:08 UTC
Gapw2IPRDLU,2019-10-16 11:52:44 UTC
h6uBB8nDenU,2019-10-16 11:51:10 UTC
xvyHCA0c-Fo,2019-10-16 11:46:13 UTC
6s29CU5j7OA,2019-10-16 09:31:06 UTC
sKJ4i7p-o-4,2019-10-16 09:31:02 UTC
qwNRqVyKXQo,2019-10-15 10:02:00 UTC
Hha4_4LtodU,2019-10-13 21:46:41 UTC
wvJc9CZcvBc,2019-10-13 08:47:54 UTC
xuPnlnfVeMA,2019-10-12 17:35:50 UTC
aE-6M7IbNSI,2019-10-12 17:34:57 UTC
onnrS067FOA,2019-10-12 17:34:47 UTC
COKCTyi7R90,2019-10-12 17:33:56 UTC
4LoNhxzmm1c,2019-10-11 13:10:29 UTC
Lw-HyPmQn4E,2019-10-10 20:06:34 UTC
Lj4Od9D4puc,2019-10-10 14:20:42 UTC
h1Ii36VhWoU,2019-10-10 10:14:32 UTC
Kp1pUImNaz0,2019-10-10 05:20:20 UTC
dpoyS0PFZc4,2019-10-10 05:20:14 UTC
uPxni4t7rtM,2019-10-09 19:45:01 UTC
8rm71CABnlA,2019-10-09 18:59:05 UTC
k-KgHGtTXrE,2019-10-09 17:08:46 UTC
7LL81OmxzAg,2019-10-09 17:08:41 UTC
mobfUwcIc-s,2019-10-09 17:08:35 UTC
5GxsOjBXJo8,2019-10-09 17:07:55 UTC
X59_-ol8H88,2019-10-09 16:29:07 UTC
5eFGdlG5Vx8,2019-10-08 21:36:34 UTC
tJAZ35-EO1s,2019-10-08 18:41:49 UTC
HwngqOuKAlk,2019-10-08 06:16:04 UTC
FSdMBN3Ul-8,2019-10-05 03:26:05 UTC
SUqAnkgvhpc,2019-10-05 03:25:46 UTC
d_YeOx_t0BQ,2019-10-05 03:22:07 UTC
qwHOfoVRFRc,2019-10-04 20:31:17 UTC
rpubWjOssyc,2019-10-04 19:01:57 UTC
_hlkNQL5Ecg,2019-10-04 19:01:32 UTC
EjXuM6KsBUE,2019-10-04 19:01:20 UTC
_DsbxpL6ZhE,2019-10-04 19:01:16 UTC
TSYUEibKNnI,2019-10-04 18:33:39 UTC
Rvhrk4zjjZw,2019-10-04 15:39:13 UTC
T7YcB_v_Q6Y,2019-10-04 15:38:58 UTC
PrQMzbtH7mw,2019-10-04 15:38:49 UTC
Nt8UWWqa7uM,2019-10-03 21:17:17 UTC
lOXr4oSLcUQ,2019-10-03 14:54:21 UTC
f14FATY5dRs,2019-10-03 14:08:28 UTC
R5plH1AIago,2019-10-02 10:09:08 UTC
vJvsOJkIDI8,2019-10-02 10:00:10 UTC
SN0CvLhksbM,2019-10-01 19:41:44 UTC
XTrDsInQ-cE,2019-10-01 19:41:42 UTC
yy8qvVdjvwc,2019-09-30 07:07:24 UTC
 -SF_gf_l7O4,2019-09-29 18:47:22 UTC
nDiGIiSIk_A,2019-09-28 16:44:17 UTC
ZOfe2o5ewFE,2019-09-27 21:19:54 UTC
SFrqiTz1H1c,2019-09-27 05:45:37 UTC
VunZKXGhw5Y,2019-09-26 17:24:18 UTC
62KjyXr1Ubg,2019-09-26 06:55:33 UTC
UTTZnhoKVHk,2019-09-26 05:58:52 UTC
xgmOrKYjaFg,2019-09-25 13:52:07 UTC
KfpgXuFeVNI,2019-09-25 13:37:42 UTC
9nU6ckg2a1c,2019-09-25 13:35:55 UTC
x2gRYKXcFbA,2019-09-24 10:56:24 UTC
v_ejnuAy6Ck,2019-09-23 13:28:04 UTC
MjV7EDuL21M,2019-09-21 16:22:38 UTC
z_ttp6er_ig,2019-09-21 16:11:55 UTC
qUbzkReLT8E,2019-09-21 16:08:49 UTC
DyX-QZZBgpw,2019-09-20 08:50:45 UTC
AZUuGr5nr4I,2019-09-20 04:59:06 UTC
QK8Se8CvyHc,2019-09-17 15:02:09 UTC
AXRmPjHXArI,2019-09-14 20:46:14 UTC
Jk6UVm4-u4E,2019-09-14 20:45:00 UTC
JVAFyKXf6Nk,2019-09-14 20:43:15 UTC
j2qj01KI9hk,2019-09-14 20:41:55 UTC
lTA8IWZE20o,2019-09-14 20:41:39 UTC
qHMosKNAhbU,2019-09-14 20:41:20 UTC
M86oH_o8IUw,2019-09-14 20:39:14 UTC
dGfg3K5luFw,2019-09-14 20:35:37 UTC
maxlR2FTCs8,2019-09-14 20:34:28 UTC
3GbvMi6r_sI,2019-09-14 20:34:08 UTC
8tzryJyXCRA,2019-09-14 20:33:42 UTC
LRkNJmHfAs4,2019-09-14 19:59:37 UTC
5GhCaAkWuSo,2019-09-14 19:21:54 UTC
 -Wwe5OW_jPE,2019-09-14 09:03:37 UTC
O8hoKuLaqdY,2019-09-14 08:25:57 UTC
stqGjTWbM5Y,2019-09-13 15:54:58 UTC
wXRM4I40Xgw,2019-09-13 15:53:55 UTC
LsBMlONqcKA,2019-09-13 15:53:45 UTC
0NEmgA2FlO8,2019-09-13 05:37:24 UTC
NXN6ejswSR8,2019-09-12 19:32:13 UTC
xkVIqB8tw2A,2019-09-12 19:27:19 UTC
gyAtT0sJMBE,2019-09-12 12:28:21 UTC
Luh2mUIXsYc,2019-09-11 05:30:17 UTC
n5ptHumXFuQ,2019-09-10 20:14:25 UTC
Fb7-KxP4GTk,2019-09-10 20:14:17 UTC
DYo4cjukIUA,2019-09-09 22:32:05 UTC
wPt6WmrLEV4,2019-09-07 07:05:37 UTC
RZsDatvyKUo,2019-09-07 06:40:53 UTC
4Bj_kHfW838,2019-09-06 16:22:01 UTC
q7-7zBb7lbw,2019-09-06 10:54:06 UTC
iC33S3Ofgig,2019-09-06 10:27:41 UTC
v2fXJ3_TlYc,2019-09-06 10:27:22 UTC
gdC0x9cIMxs,2019-09-06 09:58:28 UTC
h-p7-wPUGNQ,2019-09-05 21:15:11 UTC
gNK_C78sBWY,2019-09-05 07:51:50 UTC
X9rTbh4a57o,2019-09-04 21:37:07 UTC
zTwCxitOqFE,2019-09-04 07:51:15 UTC
ocgwxtAVai0,2019-09-04 05:15:05 UTC
8Tx-8LxaA9A,2019-09-03 17:38:41 UTC
dz2UnciOIfI,2019-09-03 16:03:18 UTC
JhCW1Wg8Ghs,2019-09-03 09:40:07 UTC
ND6xYVB6Hi4,2019-08-30 19:15:51 UTC
Bcrkf8mjC-U,2019-08-30 13:56:49 UTC
2ARX0-AylFI,2019-08-30 13:56:34 UTC
cT3p6FVpB40,2019-08-30 11:51:27 UTC
qXUJSCZiU48,2019-08-29 19:51:49 UTC
DTYsrQswfIA,2019-08-28 20:43:54 UTC
KBXTnrD_Zs4,2019-08-28 18:46:05 UTC
CPV0tYV5I8I,2019-08-27 18:09:25 UTC
SgA7Eom0mIc,2019-08-20 16:31:42 UTC
BGr0NRx3TKU,2019-08-20 00:45:16 UTC
bj2_H1mvM4o,2019-08-19 19:18:46 UTC
JTnE3TBIYDs,2019-08-17 06:47:23 UTC
6hIlL8as9Hc,2019-08-16 16:38:28 UTC
8vCM5QisTJE,2019-08-16 16:16:38 UTC
xTzroxOBuok,2019-08-15 21:26:39 UTC
r-I1Gmi0afQ,2019-08-15 06:09:45 UTC
9IOlddFBK5M,2019-08-14 20:09:33 UTC
jXwx5Dn8ffI,2019-08-14 06:20:00 UTC
k46Q8W8lMUY,2019-08-09 12:36:36 UTC
1rEEgqtLG2s,2019-08-09 12:35:33 UTC
lW4Rrz2IMow,2019-08-09 12:35:19 UTC
oRTmohqWwE8,2019-08-09 12:34:48 UTC
afN9RVKhogY,2019-08-09 12:33:39 UTC
arsymEiCgsk,2019-08-09 12:33:04 UTC
sJn_QCpqSUE,2019-08-09 12:32:31 UTC
yKf4MtZ4RQA,2019-08-06 16:54:15 UTC
ENJwA9MVHz8,2019-08-03 16:30:26 UTC
nrHtaR0CsgY,2019-07-28 16:24:16 UTC
 -Uq9k6B-7h4,2019-07-28 15:57:15 UTC
w91_R-eZR3E,2019-07-28 00:08:43 UTC
Taz0pSxgeIo,2019-07-24 21:02:31 UTC
cHEIYcs7LRs,2019-07-24 16:02:11 UTC
sluqMkE9k_w,2019-07-24 12:41:37 UTC
LWPQwdY4ShE,2019-07-24 12:41:26 UTC
RLlom924fIk,2019-07-24 05:59:23 UTC
BngtKCRNg8o,2019-07-23 21:55:02 UTC
SPwq31sBYHQ,2019-07-23 12:16:43 UTC
OIOJXxJi1yo,2019-07-21 21:43:39 UTC
CbDCGI0pIZ8,2019-07-21 21:17:57 UTC
arUFS0HPyc8,2019-07-21 01:16:18 UTC
TNo6DBcD4Lc,2019-07-16 04:24:45 UTC
Z3SPxH89Tnk,2019-07-15 11:16:43 UTC
sZwYCgNkmFY,2019-07-11 00:59:21 UTC
J4wjakRLm2Q,2019-07-02 17:46:00 UTC
UfM_PYhcEZY,2019-06-29 07:25:58 UTC
tMEeXpPzOyw,2019-06-28 03:02:48 UTC
R7LxGtCxxsE,2019-06-28 02:33:50 UTC
xSNC5G6Wizw,2019-06-24 17:45:30 UTC
6P_9SqTvK50,2019-06-22 05:05:23 UTC
lvhaVjpYm_M,2019-06-22 05:05:08 UTC
mTcqVuNy8vM,2019-06-22 05:05:03 UTC
5gwK-FrvCSA,2019-06-22 05:04:44 UTC
rOpYUw2V4B0,2019-06-22 04:48:47 UTC
FW1b8EUQ0xQ,2019-06-21 00:39:00 UTC
p-qKr5ZkqUY,2019-06-21 00:24:38 UTC
vDUTcFCdPpw,2019-06-20 05:54:08 UTC
PvPobzDGYqk,2019-06-20 05:13:07 UTC
hamvx0huBzs,2019-06-17 08:46:48 UTC
djm6ttUAf18,2019-06-16 09:20:47 UTC
Pvr8ogIwudM,2019-06-15 11:32:55 UTC
vy7hablpAhg,2019-06-14 12:37:17 UTC
d8lnrAqH0mk,2019-06-13 18:28:34 UTC
7FZD9tDzPk8,2019-06-13 10:10:17 UTC
YuCJEPUrm10,2019-06-13 01:19:48 UTC
tIE2nJqSwM4,2019-06-11 02:23:36 UTC
gTmJJ8dBT9U,2019-06-11 02:23:32 UTC
pCJZg7pVtiI,2019-06-11 02:23:13 UTC
liHKeemjdbI,2019-06-11 02:23:08 UTC
lqAVld7USxs,2019-06-11 02:23:04 UTC
qsByyjx6PIc,2019-06-09 21:44:52 UTC
uTL2lM8-UzY,2019-06-09 14:26:36 UTC
3bnRzm2aNIU,2019-06-08 21:28:57 UTC
1JwfnCcEr4E,2019-06-07 19:57:46 UTC
b-c4OFOO9Ck,2019-06-07 19:57:25 UTC
ptqZ0llkQ0g,2019-06-06 00:38:27 UTC
OYKYXwuho7E,2019-06-05 09:27:56 UTC
YoQVCxVgKxo,2019-06-01 10:03:43 UTC
2i8hFXa52p8,2019-06-01 09:17:25 UTC
671KA-oKRh4,2019-05-29 13:25:41 UTC
2cQ3HETRWvI,2019-05-29 12:35:32 UTC
07QotusMZ9Y,2019-05-28 15:22:05 UTC
42o548Q1rwY,2019-05-28 12:11:44 UTC
G-r4vtzPvrM,2019-05-28 11:26:02 UTC
k7m6HP95EDM,2019-05-26 14:52:50 UTC
G0mncEl4nVU,2019-05-26 14:52:44 UTC
OpPD6isXCTU,2019-05-25 04:38:23 UTC
bkRnu-shFyw,2019-05-24 20:33:28 UTC
buIKFUFeCTU,2019-05-24 20:21:31 UTC
IvW7K2pvpkc,2019-05-24 19:53:56 UTC
bL4niefCyYo,2019-05-24 16:43:51 UTC
KZmJW88JPVM,2019-05-24 14:42:16 UTC
ZoAG01HqaMQ,2019-05-23 20:59:26 UTC
O3GftuAZBWM,2019-05-23 20:57:52 UTC
k0QMIV37SvQ,2019-05-23 20:51:39 UTC
ihNRr16Rsog,2019-05-23 20:51:25 UTC
jAhKOV3nImQ,2019-05-22 23:05:34 UTC
K_I9swb9ke8,2019-05-21 22:02:28 UTC
I8U6kjqLkJQ,2019-05-21 11:05:43 UTC
__VmWduNy28,2019-05-18 09:36:35 UTC
sI5xdv9o-H4,2019-05-17 08:17:44 UTC
jFZ0MFYup-o,2019-05-17 04:31:42 UTC
9_XDlIxAkFs,2019-05-16 19:10:06 UTC
UDuRhydFE4E,2019-05-16 17:39:05 UTC
RYdFpv9Ay7o,2019-05-13 20:44:54 UTC
Rq6990GC5jg,2019-05-13 20:13:42 UTC
3YBoAe9G7AQ,2019-05-13 09:07:43 UTC
AbKUa2Mvlhk,2019-05-13 07:07:37 UTC
Ov3Nq1WkUMI,2019-05-11 05:23:24 UTC
yKfGMzO1uoo,2019-05-10 20:35:37 UTC
tzZoLYNmgzg,2019-05-10 19:40:29 UTC
NG0-k5jKM-A,2019-05-10 18:50:16 UTC
npRcdl3f6iU,2019-05-08 20:40:38 UTC
mMvKUIqKB_Y,2019-05-07 01:02:13 UTC
_TsMh6Kum1E,2019-05-04 23:24:23 UTC
5he5DqvOZb8,2019-05-01 20:05:59 UTC
iaFYjUGD42g,2019-05-01 20:05:57 UTC
pdUKug8XahU,2019-04-27 22:11:18 UTC
swgNTR1jOvA,2019-04-16 19:54:46 UTC
Cghvt6ErYug,2019-04-13 04:58:56 UTC
uR3GCIjqIFs,2019-04-10 21:48:01 UTC
MdAGUNUFJZ0,2019-04-06 09:05:53 UTC
ORG2G16URgE,2019-04-06 05:18:16 UTC
kUopKcRLNGA,2019-04-03 07:29:35 UTC
u179fs7QuN8,2019-04-01 17:43:15 UTC
Gm4miiUY_PM,2019-03-29 06:28:50 UTC
ewzWEu46MPk,2019-03-29 06:28:26 UTC
DiEyNPsEDmU,2019-03-28 21:48:07 UTC
LgzqmVAVfU8,2019-03-28 20:11:28 UTC
Mmlv3ksJ2BA,2019-03-28 19:28:24 UTC
d9Gu1PspA3Y,2019-03-28 19:28:14 UTC
GNcqglTGYfs,2019-03-28 19:28:01 UTC
3SDDoS_mmds,2019-03-27 13:35:26 UTC
mC5gVXPcXMU,2019-03-25 17:41:38 UTC
pKECKwr87qM,2019-03-24 19:02:32 UTC
HzNyMUuQfmE,2019-03-24 13:17:45 UTC
mtSYriQ7BjM,2019-03-23 09:30:02 UTC
Z0w9CmSwRew,2019-03-22 19:14:52 UTC
0hXqHH7rZqo,2019-03-19 20:29:49 UTC
O3ki1FWkARo,2019-03-18 20:16:48 UTC
zXgD-KSb5ZM,2019-03-17 18:37:41 UTC
Neau6ttz6Bk,2019-03-17 18:37:30 UTC
cChru_ufYDY,2019-03-16 08:07:52 UTC
MewrXgDfvsM,2019-03-12 19:58:02 UTC
wg9c1pqbGCA,2019-03-12 19:54:26 UTC
BQLEW1c-69c,2019-03-12 15:56:10 UTC
LdCEsdzE2hQ,2019-03-10 21:21:43 UTC
Fo-bcmAr2Vg,2019-03-10 21:21:20 UTC
JQ_LQ0C4zfY,2019-03-10 21:20:05 UTC
vclEFBv_8_w,2019-03-09 23:15:30 UTC
RDfwwEKZJfs,2019-03-08 21:16:44 UTC
FsPn3-lBFlo,2019-03-05 18:42:36 UTC
bcPlODnbzUs,2019-03-05 09:10:33 UTC
XNCduE1j0kw,2019-03-03 23:07:00 UTC
IwkMc_Zizo0,2019-03-03 12:33:06 UTC
aqH2oksqRt0,2019-03-03 12:32:13 UTC
mqQ6vO3jtW4,2019-03-01 13:15:54 UTC
iqv7btFcIFo,2019-03-01 11:03:52 UTC
JeXp6ZWKVrA,2019-03-01 11:03:45 UTC
lcuzfMh2cmQ,2019-02-28 21:44:51 UTC
yrkSmLDsCsU,2019-02-27 20:23:21 UTC
_uqDrWt1Mg4,2019-02-27 20:09:00 UTC
d6c6uIyieoo,2019-02-25 10:56:00 UTC
WbhXZoyD_pI,2019-02-24 20:39:47 UTC
g0CxFUSuLsE,2019-02-22 23:18:55 UTC
ETOMQubayeY,2019-02-22 23:15:00 UTC
q_DHwcKbsAA,2019-02-22 23:14:06 UTC
yKuE-FQfD5s,2019-02-22 23:12:42 UTC
Uth10Gcurvk,2019-02-22 21:35:19 UTC
xGVqeMxcJDo,2019-02-22 21:35:10 UTC
9JylQZ5DpAA,2019-02-22 21:35:07 UTC
Eaie6Uom8v4,2019-02-22 21:34:59 UTC
5Kh7Msxz1Ts,2019-02-22 20:56:39 UTC
J0wvt701gMs,2019-02-22 20:40:32 UTC
_eL3-6YYWYE,2019-02-22 19:54:36 UTC
gykVfAmUqlI,2019-02-22 19:53:30 UTC
RKKQltIgeWI,2019-02-22 18:42:01 UTC
C4kuR1gyOeQ,2019-02-22 15:46:34 UTC
wWoP8VpbpYI,2019-02-21 20:40:07 UTC
X3-hOigoxHs,2019-02-21 20:17:33 UTC
DAD6Zsnlpl8,2019-02-20 23:10:14 UTC
yxsZXVtTIuU,2019-02-19 05:54:36 UTC
9nbuZPhXW8c,2019-02-18 22:22:33 UTC
kr_VMbGcQek,2019-02-18 21:03:14 UTC
1wZEODZGY24,2019-02-18 10:59:26 UTC
LGtdz2Zdm-E,2019-02-18 10:59:14 UTC
Ntyf5JWo8aM,2019-02-18 10:59:06 UTC
8YYMrynO7U4,2019-02-18 10:58:54 UTC
qdjakuMaW_c,2019-02-18 10:58:46 UTC
BtBE2GFGFFg,2019-02-18 10:58:39 UTC
RH8UZS-c0rs,2019-02-17 18:41:07 UTC
Fp_2eFYi4UE,2019-02-17 14:16:20 UTC
T4TEk8zW50M,2019-02-16 12:24:15 UTC
UFw_LxHvmdA,2019-02-15 18:44:51 UTC
Z8zxh-9lhy0,2019-02-15 05:40:17 UTC
bIlRbtMgRTc,2019-02-15 05:19:27 UTC
tmK43DV_wVY,2019-02-13 20:04:06 UTC
4_Rke2q_jJk,2019-02-13 17:04:32 UTC
4mxXdCUXSSs,2019-02-12 15:43:47 UTC
PrPBaocN77Y,2019-02-10 19:57:14 UTC
a4IX7zK56Ic,2019-02-10 13:31:28 UTC
3a1Y6UNE_gQ,2019-02-10 01:47:39 UTC
6KxQzAvO_0Q,2019-02-09 23:34:14 UTC
LMph2hAGj7k,2019-02-09 21:34:59 UTC
P0egBdJ2aeY,2019-02-08 18:01:54 UTC
JKP6xWes52Q,2019-02-07 22:30:44 UTC
3kD_QhYgIA4,2019-02-07 21:43:26 UTC
bAuo8sG6MtY,2019-02-06 11:02:01 UTC
itimk-h19OA,2019-02-04 20:49:32 UTC
UNd2PRlIrcg,2019-02-03 15:00:16 UTC
5gTTS9bpv3s,2019-02-03 15:00:14 UTC
tjiHufVEc7g,2019-02-01 14:05:38 UTC
IZhylvHiB2w,2019-02-01 07:04:33 UTC
NP-WIqc2pLE,2019-01-30 13:09:39 UTC
lzAhPhA3JGE,2019-01-29 16:48:41 UTC
LZcD341WO0U,2019-01-29 10:14:14 UTC
3QmU7DDqm2g,2019-01-29 10:13:44 UTC
LiWTCVU57rA,2019-01-27 22:43:43 UTC
LJ5DGi4LDjM,2019-01-24 17:57:37 UTC
U5Dap34PRyY,2019-01-24 12:14:41 UTC
nz-zBFVkOAY,2019-01-24 12:14:35 UTC
S62ggkvoVS0,2019-01-23 16:52:25 UTC
kGesLXV3PcU,2019-01-23 16:48:20 UTC
rXUIcK75JCg,2019-01-22 15:48:56 UTC
cH8RepWRM2Q,2019-01-22 06:24:25 UTC
UQDSYwI1qBw,2019-01-18 13:33:51 UTC
p0wl1NrIs3c,2019-01-18 06:53:28 UTC
in-4yNDm56M,2019-01-17 18:21:04 UTC
vvFeqL86JBk,2019-01-17 15:07:51 UTC
s_7yRpVu5n8,2019-01-17 15:07:32 UTC
EElFaj4ezUU,2019-01-17 15:07:16 UTC
vIeFt88Hm8s,2019-01-17 11:01:38 UTC
ycPr5-27vSI,2019-01-17 10:39:52 UTC
Y29DSA4KgnE,2019-01-17 10:25:28 UTC
lJlqtuvmisc,2019-01-17 09:07:53 UTC
ucvzGlwR44g,2019-01-16 17:34:41 UTC
OjWUGsQNSvE,2019-01-16 15:53:46 UTC
Rei5EaYq77k,2019-01-16 06:01:17 UTC
Oo0UHioaQhc,2019-01-16 00:15:38 UTC
3zJE3iuNIgM,2019-01-14 23:35:22 UTC
D21UobPaRSo,2019-01-14 20:04:40 UTC
svq2ipnOjUA,2019-01-14 10:45:27 UTC
Z83am27V2uk,2019-01-14 08:09:25 UTC
4gZv3VRMSj0,2019-01-14 08:05:21 UTC
STdZ_kiHYEY,2019-01-14 06:37:54 UTC
3t9DpdocMuI,2019-01-12 13:48:09 UTC
t3y1g4j0LVw,2019-01-12 13:46:41 UTC
5bt07kHeP84,2019-01-12 01:41:50 UTC
5e9sFaBKSi4,2019-01-11 23:08:44 UTC
DwDek1vVmHk,2019-01-09 22:02:30 UTC
hS1cmJSQPEM,2019-01-08 04:26:38 UTC
rKcWT1LIH3M,2019-01-07 09:06:27 UTC
olef-6d1bu0,2019-01-07 06:02:44 UTC
f6aTF8Th_oQ,2019-01-04 20:18:52 UTC
DeCLYLOx0Cg,2019-01-03 03:12:58 UTC
6PM4W2QZ-hk,2019-01-02 18:13:23 UTC
xJbJ4ey4pQs,2018-12-31 20:27:24 UTC
Ir7kfqkDt4w,2018-12-29 13:19:43 UTC
VXmNQxNBm_Y,2018-12-28 21:23:56 UTC
cWQSPDWeLLw,2018-12-28 21:19:54 UTC
84y87Sji_3g,2018-12-28 14:36:42 UTC
ynE1fAai5zc,2018-12-25 14:22:08 UTC
oPB6gdrVEEw,2018-12-22 23:05:00 UTC
biq-bpbTj3k,2018-12-21 23:51:13 UTC
dt5g5_1cKVk,2018-12-21 23:25:04 UTC
3vWAeqedxLk,2018-12-19 00:05:40 UTC
zphqUUK2vcg,2018-12-17 22:37:39 UTC
ewASon_6-wA,2018-12-15 17:15:22 UTC
SFphlZ_BryA,2018-12-12 20:20:39 UTC
4YzEozG5EYs,2018-12-11 13:44:53 UTC
Y2229DmJLIY,2018-12-11 13:44:44 UTC
aYDIYzPFvKc,2018-12-11 13:44:14 UTC
JY5t6iUzajk,2018-12-11 13:44:10 UTC
Ed5IA_BwHBg,2018-12-11 13:43:46 UTC
S3cuxb4Wnvw,2018-12-11 13:43:20 UTC
1wsvRWowt5c,2018-12-11 13:42:58 UTC
JBtEckh3L9Q,2018-12-09 12:40:19 UTC
HRVs_fSxd94,2018-12-09 11:54:15 UTC
3AiRUPvvNig,2018-12-09 11:53:59 UTC
qG5etbzP2nw,2018-12-09 11:52:03 UTC
ViyMwHwEcXQ,2018-12-07 23:07:26 UTC
ep-KVdi3Nbc,2018-12-07 20:45:07 UTC
bvmv4-h9yp4,2018-12-07 20:44:22 UTC
mqivs06fkWY,2018-12-07 20:44:13 UTC
NspqGM0DbbQ,2018-12-07 15:30:10 UTC
kFQ2NvlCc6M,2018-12-07 15:29:43 UTC
NZ83rfAqWMw,2018-12-07 15:29:37 UTC
c5WMRkxlT4c,2018-12-07 15:29:25 UTC
6dChKENkLLk,2018-12-07 15:16:41 UTC
hA6hldpSTF8,2018-12-07 15:08:41 UTC
YUu77vYUoWo,2018-12-07 15:08:10 UTC
ZwQsqFe7OUw,2018-12-07 05:30:15 UTC
QvGe7WHYFSk,2018-12-05 12:16:06 UTC
I8lS18idx0k,2018-12-03 23:22:54 UTC
U9b-64M77lo,2018-11-30 17:50:34 UTC
6ZDBDWAt1DI,2018-11-30 15:05:47 UTC
SjrDbSgB9IU,2018-11-30 15:05:31 UTC
3mQh7mFgeBc,2018-11-30 15:05:19 UTC
fiVZMxf4E2Q,2018-11-30 15:05:10 UTC
jWp8PdIydd8,2018-11-29 07:31:26 UTC
AB0koVpa8Dw,2018-11-29 00:04:35 UTC
0Hpmd99klsM,2018-11-26 05:33:47 UTC
ahRDm9Bwlyc,2018-11-20 13:58:37 UTC
Lu6kQtxQbqU,2018-11-19 22:35:32 UTC
Gc6mObnhfGA,2018-11-16 05:51:36 UTC
ue03ZGmeQxY,2018-11-16 05:50:57 UTC
oChvUV6o_Fw,2018-11-16 05:30:29 UTC
B-6ET2TUCgs,2018-11-16 05:27:45 UTC
-96m3njkeBM,2018-11-16 05:27:24 UTC
xm-NoyqzGkY,2018-11-15 10:04:38 UTC
TObFlIGj9ZY,2018-11-14 22:23:56 UTC
IqYpx22bSwI,2018-11-12 22:29:42 UTC
JTfxKKo8ToE,2018-11-12 20:26:29 UTC
KFth0mRPWno,2018-11-09 15:00:25 UTC
wlzl0gUdb3I,2018-11-08 09:38:34 UTC
8Nwh8yWh5WU,2018-11-08 00:41:19 UTC
Pu6ixyJ_Y-0,2018-11-06 16:07:10 UTC
QhS4a11jZOg,2018-11-04 19:49:31 UTC
flLEr_sYC-k,2018-11-04 19:48:24 UTC
g2RMCRATdN4,2018-10-27 20:35:43 UTC
hwDzbZcUTok,2018-10-27 11:57:03 UTC
AgVgz32FZLE,2018-10-27 07:48:47 UTC
l9-27I1Gj_s,2018-10-27 07:48:40 UTC
8DULIfYDyBo,2018-10-27 07:48:28 UTC
oi0lVfBvI4s,2018-10-25 21:34:33 UTC
 -K2WUezOTDg,2018-10-25 21:34:00 UTC
muJYTeQlvC4,2018-10-24 19:33:01 UTC
S8xcyx8vmYY,2018-10-24 19:31:35 UTC
xfVh2qCPwmY,2018-10-17 10:09:36 UTC
e72Qz_IjlVE,2018-10-16 15:45:45 UTC
PraUjsClgDM,2018-10-16 15:41:43 UTC
rSFNpJJeo4c,2018-10-15 18:54:13 UTC
DOHtafKiLgQ,2018-10-15 18:53:50 UTC
2zwvPvuVOtE,2018-10-12 17:55:28 UTC
o42Shm7FyQo,2018-10-05 15:50:20 UTC
5583wWvskqI,2018-10-03 16:48:41 UTC
jeze5ypOE7c,2018-09-28 22:27:54 UTC
ukkV4rwECTI,2018-09-27 15:51:15 UTC
dooogiv1Yak,2018-09-25 06:03:19 UTC
6bEXVa7bgcg,2018-09-21 05:53:09 UTC
XOulV47lMrc,2018-09-21 05:50:18 UTC
rKp1Hy0pjtw,2018-09-20 11:59:36 UTC
ObtmtuDW6hg,2018-09-14 09:13:44 UTC
P4KBPaS-1PU,2018-09-03 19:57:32 UTC
Fy62KXDxy8s,2018-08-31 11:13:14 UTC
qypQLesaKXg,2018-08-31 11:10:25 UTC
r6sKgEGSaEU,2018-08-28 08:42:06 UTC
euqbMkM-QQk,2018-08-27 21:28:57 UTC
19kwgsUlWg8,2018-08-27 21:23:19 UTC
i0QFTFyvzNw,2018-08-27 16:17:31 UTC
4WrjTo3THx4,2018-08-27 11:27:27 UTC
6v69DmY58fs,2018-08-26 19:44:43 UTC
7L0XYy700WQ,2018-08-23 11:10:55 UTC
ihEhAbVRC78,2018-08-23 05:10:58 UTC
CDZj6lJY03Y,2018-08-22 14:22:17 UTC
mTRbWwBwWok,2018-08-21 21:13:04 UTC
0EFHbruKEmw,2018-08-21 11:35:27 UTC
l_c2hqmFBdM,2018-08-21 11:26:54 UTC
LXsj_7n4aWY,2018-08-21 11:26:37 UTC
r97u20HvtF4,2018-08-19 19:19:18 UTC
f4IxlTXAz4I,2018-08-19 05:37:02 UTC
d_wwV4ww3dA,2018-08-17 18:15:13 UTC
9HO_j47qZOU,2018-08-17 12:04:50 UTC
yEBp_F67_DI,2018-08-15 19:34:16 UTC
 -kCybTsVVlc,2018-08-15 19:34:12 UTC
STqRlcuZbHs,2018-08-15 19:34:03 UTC
BrPa2GaAnRg,2018-08-15 10:49:18 UTC
MKYZ0ELsHpE,2018-08-12 16:31:31 UTC
GMtviQG09NI,2018-08-11 19:05:51 UTC
uoPWXc1_Wqg,2018-08-11 19:05:39 UTC
yGwquN6d5sM,2018-08-10 18:41:24 UTC
LnYHWUTkFMU,2018-08-10 16:47:12 UTC
XZiSiEwKSYc,2018-08-10 16:46:07 UTC
nKd2QVrQVIM,2018-08-10 16:45:36 UTC
rx5XyspHldk,2018-08-10 16:30:10 UTC
5Xby_KZmHsw,2018-08-09 21:25:16 UTC
gmdqyH_0HTU,2018-08-09 16:47:00 UTC
RQhwEgHri1s,2018-08-09 16:46:57 UTC
gxfOSb6_y6s,2018-08-08 06:37:06 UTC
0sXvuUrJa0o,2018-08-08 06:36:57 UTC
aW_h0qf9vpA,2018-08-04 01:47:23 UTC
yUSlot-3hSs,2018-08-02 15:27:21 UTC
GJLlxj_dtq8,2018-08-02 13:22:51 UTC
NG6ENgHboxk,2018-07-30 00:26:55 UTC
eKMTHW6qfSw,2018-07-26 18:12:27 UTC
yseCXRwWiOk,2018-07-26 07:47:52 UTC
Uj06mcSBMcg,2018-07-26 07:47:44 UTC
WJymjEjWKu0,2018-07-26 06:22:41 UTC
nIwHJojouxI,2018-07-25 11:24:58 UTC
s_A3Tnvl4eg,2018-07-23 05:36:16 UTC
zHdJwBrT3WA,2018-07-22 23:03:13 UTC
xGYyJHixKgU,2018-07-18 08:38:49 UTC
wdER__ZSmHg,2018-07-16 20:04:49 UTC
ti-1VYijEqY,2018-07-15 23:06:09 UTC
YMnAGN2gRsw,2018-07-15 23:06:03 UTC
8mXP3ZzrSx8,2018-07-15 11:35:02 UTC
SwhXM0qYYwM,2018-07-14 18:20:56 UTC
djdN9JBAGl0,2018-07-14 15:30:49 UTC
W2wLQHCUmNE,2018-07-13 19:38:00 UTC
r3EAy5GkWm4,2018-07-13 19:37:13 UTC
pVhdItOuZPo,2018-07-06 14:32:00 UTC
xMiPb9HvZJ8,2018-07-06 11:20:14 UTC
VBVCRq4t_NQ,2018-07-05 12:25:57 UTC
41phB_nAA_8,2018-07-03 18:42:29 UTC
qjDEEIiS3T0,2018-07-03 15:51:18 UTC
FklI7ncMPik,2018-07-03 10:54:56 UTC
0q2o4BubIeI,2018-07-03 10:35:56 UTC
9Xc7DN-noAc,2018-07-03 00:13:11 UTC
TG796An9kNk,2018-06-30 19:35:13 UTC
acWuVPeTwa0,2018-06-30 18:53:34 UTC
wkjbBiyR8Vw,2018-06-27 19:59:53 UTC
D3zzfdb0gZU,2018-06-27 19:59:38 UTC
kb6GML4rx0o,2018-06-25 20:53:57 UTC
9qJdCQdnz_k,2018-06-23 10:26:12 UTC
u3pPfFKXWd4,2018-06-21 22:28:40 UTC
NYRsJnViBgs,2018-06-21 22:27:27 UTC
p0t0J_ERzHM,2018-06-21 18:03:33 UTC
JGssuMioeKg,2018-06-21 18:03:21 UTC
W-DTXGVTfkc,2018-06-21 18:01:10 UTC
FbQtDNSMoxM,2018-06-21 18:00:08 UTC
oRSm7DUvykk,2018-06-20 07:28:21 UTC
2euhroKGAN0,2018-06-19 22:19:29 UTC
 -aDvyYtG6Ak,2018-06-18 05:25:03 UTC
FnRHJ_nhgjU,2018-06-16 10:00:27 UTC
X5AWgHV6NGo,2018-06-15 17:33:06 UTC
Rx-W58G2-Ew,2018-06-15 17:02:52 UTC
NLbeql65dEc,2018-06-15 12:38:02 UTC
G0E7Q6oXLgw,2018-06-15 05:06:12 UTC
hUrBKFG9Ilw,2018-06-12 18:28:19 UTC
VF8NK2pZK3A,2018-06-12 18:28:16 UTC
Qz0vPKWVVVs,2018-06-10 21:43:39 UTC
7YoMGxBa0bw,2018-06-08 19:01:55 UTC
O7a10a_D8nE,2018-06-07 23:12:55 UTC
Y8uh9eIBGmE,2018-06-07 21:20:44 UTC
h4f5lY7tbHo,2018-06-07 12:45:42 UTC
wyT2n11duok,2018-06-04 18:10:57 UTC
HA05pYsXV9U,2018-06-02 18:13:28 UTC
35aEjj8C4Cg,2018-05-31 17:21:09 UTC
pdImqbt14YM,2018-05-31 17:20:53 UTC
6S7c5ib0YxE,2018-05-31 17:20:45 UTC
l-xLx8HHx_I,2018-05-31 17:20:01 UTC
MK-etZ0HWWY,2018-05-31 17:18:58 UTC
tg14QmJ1IhY,2018-05-31 17:18:34 UTC
3EDU_Y_1_Xc,2018-05-31 17:18:00 UTC
Z2FtPv7Xy-4,2018-05-31 17:17:36 UTC
LdPTSqltiVk,2018-05-31 17:17:11 UTC
t99NLa7k55M,2018-05-31 17:17:03 UTC
f4npYe_Cbfg,2018-05-31 01:07:42 UTC
QuNN6KMkOeU,2018-05-30 17:21:32 UTC
pAMDtXUnrUo,2018-05-29 14:29:14 UTC
 -rwu2rh8n7Q,2018-05-29 13:39:49 UTC
3igB_pZAMhU,2018-05-29 06:55:47 UTC
LWK2jHG5XfE,2018-05-29 06:55:30 UTC
_OIlIRLXGe4,2018-05-26 19:11:55 UTC
Emya5ni_Eqo,2018-05-26 15:32:43 UTC
BBMte6t1aJg,2018-05-26 11:44:14 UTC
0PrUr3bQdwM,2018-05-26 00:02:05 UTC
LVrzUEZMoTI,2018-05-24 22:27:38 UTC
2Y5bGpWNYKc,2018-05-24 08:28:22 UTC
s-2w5fBKZ8I,2018-05-24 08:21:41 UTC
l4bAoNAx2uo,2018-05-24 08:20:55 UTC
1s7jzmV8u-g,2018-05-23 12:24:35 UTC
Dc9BuBslF1Y,2018-05-23 09:08:46 UTC
MVJXi6IXWyI,2018-05-22 11:12:46 UTC
6KtuwzY2WFs,2018-05-22 11:12:19 UTC
oD_3wMh5kLg,2018-05-22 11:12:08 UTC
a9mP2s4xE3o,2018-05-21 17:18:29 UTC
y5yQXtUeyUY,2018-05-20 07:20:18 UTC
f9_o42QaVnA,2018-05-19 22:37:13 UTC
2Q8o5g0KMD4,2018-05-19 07:03:01 UTC
oV0zkMe1K8s,2018-05-18 22:47:39 UTC
rkaubkFS8GU,2018-05-18 12:38:35 UTC
r0eDR9OeMJk,2018-05-18 00:23:42 UTC
3eQP6JoxtKk,2018-05-17 20:57:31 UTC
_GQsd06eP9M,2018-05-17 19:35:33 UTC
xmvx4qpCy-A,2018-05-17 18:43:41 UTC
v6gYpfRnXa4,2018-05-16 01:26:44 UTC
aAOzlinU94g,2018-05-15 20:20:03 UTC
GLp7LtXmy68,2018-05-15 17:51:14 UTC
4qjHYf7MZOM,2018-05-15 17:50:26 UTC
uBYzYji4rmE,2018-05-15 17:50:11 UTC
0wfN_DtNtyo,2018-05-15 14:32:16 UTC
0x8ktwdqAmg,2018-05-15 14:31:36 UTC
5-Ur71ZnNVk,2018-05-15 14:31:09 UTC
VLgTy0eu1oY,2018-05-15 01:10:42 UTC
stR5nWkq3LU,2018-05-14 09:12:12 UTC
FSmXA01l-_8,2018-05-14 05:10:32 UTC
qGUWqHUzGLk,2018-05-14 05:10:21 UTC
nqOPXtjy4VE,2018-05-13 19:07:45 UTC
wkpqiKj9eLM,2018-05-13 19:07:39 UTC
ENSvuyS_kHw,2018-05-09 07:08:23 UTC
-9h8otWQShs,2018-05-08 18:56:16 UTC
XoEFXuzTa_I,2018-05-08 08:20:39 UTC
6eF59X5auFo,2018-05-07 19:56:45 UTC
YttQnPy65d8,2018-05-04 20:49:55 UTC
bvXxLp_G9w0,2018-05-03 22:31:08 UTC
g5heqXQUr9k,2018-05-02 20:54:26 UTC
lp-EO5I60KA,2018-05-02 20:39:16 UTC
f4cC3x5GUl8,2018-05-02 20:38:18 UTC
hvFbmImsCc4,2018-05-02 14:36:27 UTC
bBERKmBIKaY,2018-05-02 14:29:55 UTC
daOukG0oHGI,2018-05-01 19:56:53 UTC
BmLycDL81XI,2018-05-01 07:59:10 UTC
tfYBmMM-q9U,2018-05-01 07:59:07 UTC
 -l7TOYJZBtI,2018-04-30 23:39:33 UTC
2Swn5qnZP20,2018-04-30 11:42:33 UTC
z2_eD6GxINw,2018-04-30 11:42:24 UTC
Dpd7Wzz1UI0,2018-04-29 12:30:18 UTC
dLYUc5t6wag,2018-04-28 17:32:57 UTC
sMTtWXtpYhU,2018-04-28 09:27:24 UTC
IDXeWKq6ids,2018-04-28 09:26:14 UTC
WxuRMOXSjmQ,2018-04-28 09:24:05 UTC
4n3hcs_6jYA,2018-04-28 09:24:00 UTC
VybWkpt_3Jo,2018-04-28 07:41:28 UTC
UMlmkM2f3qE,2018-04-28 07:39:20 UTC
55nj3oyQhwA,2018-04-27 19:01:14 UTC
ht0phFflvLU,2018-04-27 19:01:09 UTC
iLI-RxLBnVU,2018-04-27 07:38:05 UTC
LOvbgihbxN8,2018-04-26 21:08:13 UTC
LzCOq2WFsSk,2018-04-26 21:08:04 UTC
zHunZ3JSk9k,2018-04-26 19:02:27 UTC
8-sLhsSofnU,2018-04-26 10:41:09 UTC
8WAsQKcJ_Xo,2018-04-26 10:40:04 UTC
gbdls0XiP1A,2018-04-26 08:52:11 UTC
WY0srPDYiTs,2018-04-26 08:52:07 UTC
FXWwDwi9wjA,2018-04-26 08:52:01 UTC
uwPFnvniA7w,2018-04-26 08:51:55 UTC
IMzctUXEhI8,2018-04-26 08:49:25 UTC
VAIsAcZ2if8,2018-04-25 18:22:19 UTC
SX4jBO7wImE,2018-04-25 06:01:34 UTC
zY3VO7WqfXs,2018-04-24 10:10:06 UTC
eoHC_rfX50U,2018-04-24 00:35:31 UTC
Cb2ZDK_tGHk,2018-04-24 00:35:24 UTC
3DGlk_JAm8U,2018-04-23 17:30:54 UTC
XvTYqvv8XJo,2018-04-23 13:52:45 UTC
78q9QXwKnQc,2018-04-21 22:51:47 UTC
QG0hwZYHaT4,2018-04-21 22:51:22 UTC
7u_KJsoDZXs,2018-04-21 22:51:03 UTC
AD3TSrfwJgE,2018-04-21 08:19:51 UTC
5yTxSxLHYl4,2018-04-19 19:43:18 UTC
vNtMDhE6inc,2018-04-19 19:38:39 UTC
LTVX64lRGwI,2018-04-19 13:30:51 UTC
XvTBghEDXHc,2018-04-18 20:38:58 UTC
8FfHxoAwKWU,2018-04-18 20:38:56 UTC
1lC9hiK0sq4,2018-04-18 18:14:46 UTC
f3s9nvr37Lw,2018-04-18 18:14:39 UTC
USKzAj1dOq4,2018-04-18 18:14:14 UTC
PwA3UfCvGeo,2018-04-18 18:13:48 UTC
cVhGziv39gQ,2018-04-18 09:21:31 UTC
sq4hYZlDPec,2018-04-18 04:34:09 UTC
I0w75OPd8VA,2018-04-17 16:07:39 UTC
xqTi4jsZWOs,2018-04-17 16:07:28 UTC
wfNgSxH09OE,2018-04-17 13:06:43 UTC
UVX0OUO9ptU,2018-04-17 05:17:47 UTC
eImKG9Y_gWQ,2018-04-17 05:16:26 UTC
 -l4s901oOUY,2018-04-17 05:16:02 UTC
TKGA7MhxPWc,2018-04-16 18:31:49 UTC
HJYqgZDmsZo,2018-04-16 18:31:40 UTC
p8Ktbrmp0Ag,2018-04-16 14:44:45 UTC
hxMq5N1IQoA,2018-04-16 10:06:20 UTC
5BJaHI3xofw,2018-04-16 07:35:46 UTC
PnFy9-ztHto,2018-04-15 09:40:12 UTC
rTGn76YljUM,2018-04-15 09:39:33 UTC
i5qOzqD9Rms,2018-04-15 09:35:22 UTC
MtUxFCicxuM,2018-04-14 00:34:41 UTC
ahkkJaFi6Fs,2018-04-13 20:00:22 UTC
Gx5DV5zFKlU,2018-04-13 20:00:15 UTC
WIEUK228PDQ,2018-04-13 13:45:58 UTC
2fJidsBpexY,2018-04-12 18:23:22 UTC
drjH6zVYUBA,2018-04-12 13:16:03 UTC
QzXuhCJWOx0,2018-04-12 06:01:47 UTC
y3Zqh_5iqk0,2018-04-12 05:59:44 UTC
NN8LfZPcTAU,2018-04-12 05:59:30 UTC
_i18Pi6el9U,2018-04-12 05:55:19 UTC
OLTlluylLoQ,2018-04-11 20:48:13 UTC
x7PpE15yh58,2018-04-09 00:32:58 UTC
dtMrvR42Z0A,2018-04-09 00:32:42 UTC
B-t4bU3-lHA,2018-04-08 21:30:33 UTC
B8n74OdNMh8,2018-04-08 17:49:46 UTC
1Ya67aLaaCc,2018-04-08 17:49:29 UTC
v1YojYU5nPQ,2018-04-07 11:08:38 UTC
kjC3zBKgL3M,2018-04-07 11:08:09 UTC
Z5onlG_8J18,2018-04-06 20:26:12 UTC
Lak0NKTq5x0,2018-04-06 14:42:56 UTC
33_XesFphn4,2018-04-06 06:05:13 UTC
ut6UYwbt6Xk,2018-04-03 17:49:48 UTC
RwluC6GoKLE,2018-04-03 17:48:53 UTC
rKCghPHYn88,2018-04-03 14:05:10 UTC
2RKptf9Vu-U,2018-04-03 08:52:51 UTC
IjGJmgvekKo,2018-04-02 18:24:32 UTC
uVKJsVEWdlM,2018-04-02 18:24:25 UTC
f3TSu9feIXs,2018-04-02 14:22:30 UTC
qORLlDkTLms,2018-04-01 10:26:22 UTC
18tgsQEj_Jk,2018-04-01 10:26:12 UTC
Nex2B7yFxYs,2018-03-31 20:46:11 UTC
EBfLgsh2fzs,2018-03-30 14:03:38 UTC
jDPStdbP_10,2018-03-30 01:16:01 UTC
byku-4Sl4zE,2018-03-30 01:07:34 UTC
WRSyEGnMTxg,2018-03-29 19:03:00 UTC
Wu_cWLKSn5s,2018-03-29 14:57:07 UTC
_hHBW0dxCdk,2018-03-29 14:57:02 UTC
OWnqhK9MPLk,2018-03-29 14:56:57 UTC
ByeyFfOHgQA,2018-03-28 11:33:54 UTC
pWpag0XUWwk,2018-03-28 08:27:50 UTC
kjS0QPfl_9k,2018-03-27 19:24:22 UTC
mvUwLmOoTrA,2018-03-26 18:43:21 UTC
raNNjJzFLMw,2018-03-26 13:36:07 UTC
7G9sWgDqzZs,2018-03-25 22:45:22 UTC
552iTUDwYb8,2018-03-25 22:10:22 UTC
2bUNUlyD6h0,2018-03-25 22:10:17 UTC
xe0cHo_VC7k,2018-03-25 22:10:06 UTC
gP1AfTxMTA4,2018-03-25 22:09:47 UTC
q6WqJYq9jx8,2018-03-24 16:30:18 UTC
GABCneYEE84,2018-03-23 06:54:45 UTC
M20GMX7ddT8,2018-03-21 14:58:35 UTC
9a-tUyn9DcU,2018-03-21 14:56:55 UTC
AywQCvSN2tQ,2018-03-20 21:55:19 UTC
vth-XeQMNCg,2018-03-20 21:55:05 UTC
M08npQQFiMY,2018-03-20 17:32:27 UTC
BQ35zr_1yIE,2018-03-20 17:11:15 UTC
UiOTSKBy6ME,2018-03-19 20:30:09 UTC
P1_jhvSVZ0s,2018-03-19 16:31:46 UTC
ApkuvIlZ24Y,2018-03-18 15:25:21 UTC
WoTt1qtvFUY,2018-03-16 10:35:58 UTC
vCY69gDGNYE,2018-03-16 08:29:02 UTC
ngE5kfBx398,2018-03-14 13:42:57 UTC
xIvaQ1Hv2Ug,2018-03-14 06:11:15 UTC
in5TfQfUIBY,2018-03-13 10:18:11 UTC
Bl3xSPfd27A,2018-03-12 14:02:39 UTC
XkOPqXIce7E,2018-03-12 11:50:50 UTC
9rHZzAvfDZA,2018-03-08 22:51:51 UTC
qoicf4huNYk,2018-03-08 22:51:44 UTC
l3gpkP-Atpc,2018-03-08 22:51:30 UTC
yeCNkm7gzfc,2018-03-08 22:49:17 UTC
WiFf1Z1N4KM,2018-03-08 22:49:06 UTC
fDfNoCjtXvQ,2018-03-08 22:48:59 UTC
2nMujDGhw7o,2018-03-08 22:46:39 UTC
zcMHqUC9YvM,2018-03-08 22:46:22 UTC
LU2N_5ncnUA,2018-03-08 22:45:55 UTC
S3FtIuVNY8k,2018-03-08 22:45:22 UTC
OUi1mJr577k,2018-03-08 15:10:14 UTC
iXw5weIlJ0k,2018-03-07 05:54:43 UTC
5bJ_gb19pKQ,2018-03-06 20:22:07 UTC
Y6yICQ3sCDk,2018-03-05 05:33:31 UTC
SIJwdcj4rlM,2018-03-04 20:40:27 UTC
JS_mbnQTIZw,2018-02-28 23:09:53 UTC
VXjz_G6FUrg,2018-02-28 12:42:20 UTC
5t5dct7jdps,2018-02-28 12:42:16 UTC
ZpEGeTS24rY,2018-02-26 09:52:11 UTC
mBXGjD5ASrQ,2018-02-25 16:23:47 UTC
LuSh4-cbAOc,2018-02-25 11:28:29 UTC
DC-QGkKrxdM,2018-02-23 05:46:03 UTC
xguCNHXlomc,2018-02-21 19:17:15 UTC
9x6KApzgtjU,2018-02-20 08:37:21 UTC
CFPt6pqTaIo,2018-02-20 08:36:27 UTC
 -jWIDwq44ZI,2018-02-20 08:36:01 UTC
ImYci3uWXbg,2018-02-20 08:35:17 UTC
VJEP8PwkR2o,2018-02-20 08:35:06 UTC
HpKF1GAArp4,2018-02-20 08:34:46 UTC
Nnl-yQjGYBs,2018-02-20 08:32:27 UTC
ogPI690oPKE,2018-02-19 18:24:11 UTC
hYwFBjiortE,2018-02-16 11:59:45 UTC
Eg84ARTYhCo,2018-02-15 20:55:36 UTC
apvo2iIXg10,2018-02-15 19:06:49 UTC
FfaGy5YjRxA,2018-02-15 19:06:46 UTC
jS1SlGAJ1YA,2018-02-15 08:00:15 UTC
5rvlknrAic0,2018-02-14 20:25:18 UTC
G-90qEJAVkU,2018-02-14 20:25:13 UTC
IDuEc9MGfJk,2018-02-14 18:45:35 UTC
AuYb6r83dXI,2018-02-13 21:00:35 UTC
rXyKq7izYCQ,2018-02-13 11:48:45 UTC
zSv0Y7qrzQM,2018-02-13 11:47:55 UTC
cJOHtiz-SaQ,2018-02-09 05:52:00 UTC
gVxNkUSFwk4,2018-02-09 05:51:55 UTC
lSR-s0GGVSc,2018-02-03 16:35:10 UTC
t7HjJxocH1Q,2018-02-03 09:13:20 UTC
OZQF2ulF9AA,2018-02-01 15:29:06 UTC
AzDfnHVfEdA,2018-01-31 20:24:13 UTC
0C3bP6iTJ8o,2018-01-31 19:29:36 UTC
yMk3q1IoDgU,2018-01-31 07:13:45 UTC
Y-8b99rGpkM,2018-01-28 23:49:37 UTC
zO-dFDbuoMQ,2018-01-28 01:16:33 UTC
iTPTrjQ_xPw,2018-01-27 01:23:27 UTC
j5aO3i-75lg,2018-01-25 16:22:03 UTC
JZoO1Ftj-bM,2018-01-24 14:13:32 UTC
uGSfliYZO-Q,2018-01-21 21:49:03 UTC
CzrUVbvGNeM,2018-01-20 15:20:52 UTC
TIWw3nuuADU,2018-01-19 10:38:47 UTC
UahJqxIviIk,2018-01-19 10:38:42 UTC
Y_TTsEfFrHA,2018-01-19 10:38:36 UTC
lPHypsuXNKs,2018-01-18 06:17:06 UTC
M3PPk2H5ces,2018-01-17 19:18:48 UTC
ntpZt8eAvy0,2018-01-17 19:12:13 UTC
xzRaYig07Ok,2018-01-14 21:49:07 UTC
v4O9rMQ-TlU,2018-01-14 16:11:39 UTC
UH0nTHb6OdY,2018-01-14 15:35:14 UTC
bNwTrSBL_QU,2018-01-09 15:24:43 UTC
dLUHlVLyRxA,2018-01-09 15:24:30 UTC
ED7HKLbV7UA,2018-01-01 18:29:11 UTC
Xy6aRuMinL4,2017-12-17 20:51:33 UTC
d61W869sZjw,2017-12-09 14:07:59 UTC
sUw55rnjoe8,2017-12-09 14:07:24 UTC
NlJAtDVg_DQ,2017-12-09 04:36:46 UTC
_h4n5h67md8,2017-12-09 04:36:36 UTC
JnZM9VY86_w,2017-12-09 04:36:00 UTC
YRycl7upCbo,2017-12-02 04:10:49 UTC
wvQGoAg7rcA,2017-12-02 04:10:28 UTC
5W8pogmgzrs,2017-12-01 08:09:07 UTC
Vh8tZ_qkY1o,2017-12-01 08:08:54 UTC
virIYDUTLgM,2017-11-28 21:25:18 UTC
Gci-KI-RRbg,2017-11-26 21:09:58 UTC
YlptgqP_PEA,2017-11-26 18:54:32 UTC
kvwNgtAR8cE,2017-11-26 18:54:25 UTC
a2diwyY8Cuc,2017-11-22 12:07:28 UTC
IcCGjQ4pUO0,2017-11-17 12:03:51 UTC
tHLw7ox458c,2017-11-15 20:53:40 UTC
1GsMq3zZzQ4,2017-11-15 20:50:56 UTC
hpWYtXtmEFQ,2017-11-15 20:50:51 UTC
0icj3tvHo08,2017-11-15 20:49:33 UTC
i5tV3GNwVKc,2017-10-25 20:18:54 UTC
ir5dK05VgN0,2017-10-25 20:18:45 UTC
gAdo3dGYd1E,2017-10-25 06:02:54 UTC
z3X49SYvbo0,2017-10-24 21:45:20 UTC
O8hQVlRgFlU,2017-10-24 05:57:08 UTC
oxcsAkwPH1w,2017-10-23 19:23:54 UTC
fXVDYjK59yc,2017-10-23 18:24:17 UTC
tUyYzmYDmWA,2017-10-23 18:24:11 UTC
Dp-bjnn_aOE,2017-10-22 18:09:08 UTC
yGN5Gr9GsUs,2017-10-18 13:22:25 UTC
me-rtS87utg,2017-10-18 13:22:20 UTC
1gzSkUVZuoo,2017-10-18 13:21:49 UTC
Rt_EifzBhiI,2017-10-18 13:21:32 UTC
iqaipBpnVRE,2017-10-18 13:21:10 UTC
6ypHJihbHs4,2017-10-18 13:20:38 UTC
S40QrKhEo_c,2017-10-18 13:19:32 UTC
Dq3PhCK7cn4,2017-10-18 13:18:12 UTC
0qWBlVUHARo,2017-10-06 10:57:18 UTC
1H6_q7T1yC4,2017-10-06 10:56:21 UTC
_woMCJzkvD0,2017-10-06 10:55:39 UTC
P9r5ZkXyoPc,2017-10-06 10:55:22 UTC
2v1BgTZ0ucg,2017-10-06 10:54:54 UTC
XBy-lYxiyyc,2017-10-05 10:58:33 UTC
o5xxIciBSME,2017-10-05 10:58:27 UTC
0sKRRY5tQz8,2017-10-03 05:46:13 UTC
sO9dgJoGXIs,2017-10-02 11:25:40 UTC
jKInAMNrXRA,2017-09-20 21:07:55 UTC
Rht1iotV96M,2017-09-20 13:46:13 UTC
CjYPLWcgAOE,2017-09-20 13:45:52 UTC
rVWN6-5wXq8,2017-09-03 23:34:44 UTC
p1pZmbuygZY,2017-09-02 16:19:48 UTC
xrX4WwgBuyA,2017-08-31 21:05:14 UTC
8GYL6c_GTE0,2017-08-31 21:02:53 UTC
sBwM9c8ctGg,2017-08-31 10:32:42 UTC
JJdtl5_6RrM,2017-08-25 10:00:16 UTC
wAkbCGNbvw8,2017-08-06 16:55:06 UTC
8pg1obK0Qfo,2017-08-06 16:55:00 UTC
bV4AEBk6KDY,2017-08-06 16:54:20 UTC
sqB-SsOSNe0,2017-08-06 10:04:45 UTC
hjopY6IOsl8,2017-08-06 10:04:43 UTC
uA0O9gGK5Yk,2017-07-30 23:07:46 UTC
cmXDqH26EMo,2017-07-26 00:32:41 UTC
uUlglEHMMtg,2017-07-12 23:29:22 UTC
63UIBoIF3mY,2017-06-26 13:09:41 UTC
v8bZBn2dCYU,2017-06-26 13:07:20 UTC
wGB1aLDR2Es,2017-06-08 21:06:17 UTC
kLnYBUxgKFM,2017-05-04 10:34:31 UTC

